"","B010101","B010201","B010301","B010401","B010501","B010601","B020401","B020501","B020601","B020602","B020603","B020701","B020801","B020901","B020902","B021001","B021101","B021102","B021103","B021104","B021105","B021106","B021201","B021202","B021301","B021401","B021402","B021501","B021601","B021701","B021801","B021802","B021901","B022001","B022002","B022101","B022102","B022103","B030201","B030202","B030301","B030701","B030901","B031001","B040101","B040103","B040104","B040105","B040106","B040201","B040202","B040203","B040204","B040205","B040206","B040207","B040208","B040301","B040302","B040304","B040305","B040306","B050101","B050102","B050103","B050104","B050105","B060401","B060402","B060501","B060101","B060102","B060103","B060104","B060105","B060106","B060201","B060202","B060203","B060204","B060205","B060206","B060207","B060208","B060209","B060210","B060211","B060212","B060213","B060301","B060302","B060303","B060304","B070101","B070102","B070103","B070104","B070201","B070301","B070401","B070402","B070501","B070502","B070601","B070602","B070603","B070604","B070701","B070702","B070801","B070802","B070803","B070901","B071001","B071101","B071102","B071103","B071201","B071202","B080101","B080201","B080301","B080302","B080303","B080404","B090101","B090102","B090103","B090104","B090201","B090202","B090301","B100402","B100601","B100801","B100802","B101101","B101102","B101202","B101401","B101402","B102101","B102201","B102401","B102402","B102601","B102801","B102802","B102901","B104101","B104102","B104201","B104202","D010101","D010102","D010201","D010301","D010401","D020101","D020201","D020301","D020401","D020501","D020601","D020701","D020801","D020901","D021001","D021101","D021201","D021301","D030101","D030201","D030302","D030401","D030402","D030501","D030502","D030601","D030602","D030603","D030604","D030605","D030701","D030702","D030801","D030802","D030803","D030901","D031001","D031002","D040101","D040201","D040301","D040401","D040501","D040601","D040701","D040801","D050101","D050201","D050301","D050302","D050401","D050501","D050502","D050601","D050602","D050701","D050801","D050802","D050803","D050804","D050805","D050806","D050901","D050902","D050903","D050904","D050905","D050906","D051001","D051101","D051102","D051103","D051104","D051105","D051201","D051301","D051302","D051601","D051602","D051701","D051801","D051802","D060101","D060102","D060103","D060105","D060201","D060202","D060301","D060302","D060401","D060402","D060601","D060602","D060603","D060701","D060801","D060901","D061001","D061002","D061101","D061201","D061301","D061303","D070101","D070201","D070202","D070401","D070402","D070403","D070404","D070501","D070601","D070801","D070901","D080101","D080103","D080201","D080402","D080501","D080502","D080601","D080701","D080702","D080801","D080901","D081001","D081101","D081201","D081301","D081401","D081501","D081601","D081701","D081801","D081901","D090101","D090201","D090301","D090401","D090501","D090601","D090701","D090801","D091001","D091101","D091201"
"bin_s13.cct32",1,0.83,1,1,1,1,1,1,1,0,0.33,0.71,1,1,1,1,1,0.67,1,0.86,0,0,1,0.57,1,0.8,1,0.95,0.92,1,0.75,1,0.25,0,0.33,1,0,0.8,0.5,0,0.6,0,0,0,1,0,0.44,0.5,0.67,0.29,0.67,0.2,0.14,0.17,0.14,0.14,0.14,0.75,0.67,0.6,0,0.17,0.5,0.5,0,0.33,0,0,1,0,1,1,0.67,0.46,0.23,0.29,1,1,0.6,0.8,1,0,0.46,0.23,0.29,0.83,1,0.57,0,1,1,1,0.45,0.75,0.73,0.83,0.5,1,0.33,1,1,0.83,0,1,0.75,0.6,0.8,1,0.5,0.09,0,0.57,0,0,0.11,0,0,0.78,0.17,1,1,1,0.86,0.78,1,0,0,0,0,0,0,0,0.17,0,0,0,0,0,0,0,0,0,0,0,0,0,0.14,0,0,0,0,0,0,0,0.33,1,0.73,0.8,0.07,0.08,0,0.75,0,0,0,0.14,0.15,0.12,0,0.14,0,0,0,0,0,0.25,0,0,0,0,0,0.17,0,0,0,0,0,0,0.25,0,0,0.16,0.13,0.35,0.58,0,0,0.06,0,0,1,0,0.5,0,0.43,0.67,0.5,0.5,0.89,0.14,0.2,0,0.17,0.14,0.36,0,0,0.33,0,0,0,0,1,1,0.2,0,0,1,0,0,1,0,0,1,0.17,0.25,0,0,0,1,1,0.33,0.33,0,0,0,0,0,0.25,0,0.33,0,0,0.5,0,0,1,1,1,0.67,0.5,0,0,0,0.5,0.5,0.5,0,0.67,0,0.67,1,1,0.6,0.67,1,0.8,0,0,0,0,0.17,0,0,0,0.86,0.5,0,0,0,0,0,0,0,0,0,0,1,0,0
"bin_s13.cct72",0.67,0.33,0,0.5,0.75,0.75,0.33,0.6,1,0,0.33,0.57,0.25,1,0.4,0.67,0.44,0.33,0.33,0.29,0,0,0,0.29,1,0,1,0.33,0.92,0,0.25,0,0,0.67,0,1,0,0.8,0,0,0.2,0.5,0.5,0,0.5,0,0.22,0.5,0.33,0.29,0.67,0.4,0.29,0,0.14,0.29,0.29,0.25,0.67,0.4,0.5,0.33,0,0,0,0.33,0,0,0,0,0.81,0.9,0.33,0.23,0.19,0.14,0.81,0.9,0.2,0,0.75,0,0.23,0.19,0.14,0,0,0.29,0,0.81,0.67,0.2,0.18,0.38,0.5,0.33,1,1,0,0.84,0.75,0.17,0,0,0,0,0,0.6,0.5,0,0,0,0,0.46,0.56,0,0,0,0,0,0,0.8,0.71,0.56,0.67,0,0,0,0,0,0,0,0,0,0,0,0,0,0,0,0,0,0,0,0,0,0,0,0,0,0,0,0,0.5,0.33,0,0,0.2,0,0,0,0,0,0,0,0,0,0,0,0,0,0,0,0,0,0,0,0,0,0,0,0,0,0,0,0,0,0,0,0,0,0,0,0,0.08,0,0,0,0,0,1,0,0,0,0.14,0.33,0.17,0.5,0.22,0.14,0.2,0,0.17,0.14,0.24,0.5,0,0,0.5,0,0.25,0,0,0.5,0.2,0,0,1,0,0,0,0,0,0.5,0.17,0,0,0,0,0,1,0,0,0.33,0.5,0.4,0.33,0.5,0.25,0,0.33,0,0,0,0,0,0,0,0,0,1,0.5,0,0.5,0.16,0,0,0,0,0,0,0,0,0,0,0,0,0,0,0,0,0,0,0,0,0,0,0,0,1,0,0,0,0,0,1,1,0,0,0
"bin_s13.vmb19",1,0.83,1,1,1,1,0.67,0.8,1,0,0.5,0.71,1,1,1,1,0.67,0.56,1,0.71,0,0,1,0.57,1,0,1,0.92,0.92,1,1,0.67,0.5,0.33,0,1,0,0.8,0,0,0.6,0,0,0,1,0,0.33,1,0.67,0,0.67,0,0.14,0.17,0.14,0.14,0.14,0.5,0.67,0.4,0,0.17,0,0,0,0,0.33,0,0,0,0.88,1,0.67,0.08,0.23,0,0.88,1,0.6,0.2,1,0,0.08,0.23,0,0,1,0.57,0,0.88,0.67,0.4,0.18,0.62,0.67,0.67,1,1,0,1,0.75,0.17,0.5,1,0.75,0.6,0.8,0.8,0.5,0,0,0.86,0,0.14,0.33,0,0,0.56,0,0,1,1,0.86,0.78,1,0,0,0,0,0,0,0,0.17,0,0,0,0,0,0,0,0,0,0,0,0,0,0.14,0,0,0,0,0,0,0,0,0.25,0,0.2,0.07,0.08,0,0.75,0,0,0,0.14,0.15,0.12,0,0.14,0,0,0,0,0,0,0,0,0,0,0,0,0,0,0,0,0,0,0.25,0,0,0,0,0,0.08,0,0,0,0,1,1,0,0.5,0,0.14,0.67,0.17,0.5,0.39,0.71,0.2,0,0.5,0.71,0.6,0,0,0,0,0,0.5,0,0,0.5,0.2,0,0,1,0,0,0,0,0,1,0.17,0.5,0,0.5,0,0,0,0,0,0.33,0.5,0.6,0.33,0.5,0.25,0,0,0,0,0.5,0,0,1,1,0.5,0.33,1,0.5,0,0.5,0.5,0,0.25,0,0,0,0,0,0,0,0,0,0,0,0,0,0,0,0,0,0,0,0,0,0,0,0,0,0,0,0,0,0,1,0,0
"bin_s13.vmb53",0,0.94,1,1,0.5,1,0.33,0.4,1,0,0.5,0.71,1,1,1,1,0.44,0.56,0.83,0.57,0,0,1,0.29,1,0,0,0.11,0.67,0.5,0.5,0,0,0,0.17,0,0,0,0,0,0.2,1,0,0,0,0,0.11,0,0,0.29,0,0.2,0,0,0.14,0,0,0.25,0.33,0.6,0,0,0,0,0,0.33,0,0,0,0,1,1,0.33,0.31,0.38,0.36,1,1,0.6,0,0.75,0,0.31,0.38,0.36,0,1,0.29,0,1,1,1,0.36,0.75,0.8,0.67,1,1,0,1,1,0.17,0.5,1,0.75,0.6,1,0.8,0.5,1,0.54,0.86,0,0,0.11,0,0,0.11,0,0,1,1,0.71,0.67,0.67,0,0,0,0,0,0,0,0.17,0,0,0,0,0,0,0,0,0,0,0,0,0,0,0,0,0,0,0,0,0,0,1,0.67,0.8,0,0,0,0,0,0,0,0,0,0,0,0,0,0,0.33,0,0,0.25,0,0,0,0,0,0.17,0,0,0,0,0,0,0,0,0,0,0,0,0.08,0,0,0,0,1,1,0,0,0,0.29,0.67,0.5,0.5,0.61,0.14,0.2,0,0.17,0.14,0.28,1,0.33,0,0,0,1,0,0,1,0,0,0,0,0.14,0,0,0,0,0.5,0,0,0,0,0,0,0,0,0.33,0,0,0,0,0,0,0,0,0,0,0,0,0,0,1,0.5,0.33,1,0,0,0,0.5,0.5,0.5,0,0,0,0,0,0,0,0,0,0.07,0,0,0,0,0,0,0,0,0.29,0,0,0,0,0,0,0,0,0,0,1,0,0,0
"bin_s14.cct55_sub",0.46,0.17,0,0.5,0.5,0.5,0,0,1,0,0.17,0,0.62,0.75,0.7,0.83,0.22,0.22,0.17,0.29,0,0,0.33,0.29,0,0,0,0,0.33,0.25,0,0,0.25,0,0,0.5,0,0.4,0.5,0,0.2,0,0,0,0,0,0.22,0,0,0.14,0,0.2,0.14,0.17,0.14,0.14,0.14,0,0.33,0,0,0.17,0,0,0,0,0,0,0,0,0.23,0.37,0,0.08,0.18,0,0.23,0.37,0.2,0.2,0.5,0,0.08,0.18,0,0,0.33,0.29,0,0.23,0,0.4,0,0.25,0.2,0.33,0,0.25,0.33,0.16,0,0.17,0,0.5,0.5,0.4,0.4,0.2,0,0,0,0,0,0.21,0.33,0,0,0,0,0,0,0,0.14,0,0.33,0,0,0,0,0,0,0,0,0,0,0,0,0,0,0,0,0,0,0,0,0,0.14,0,0,0,0,0,0,0,0,0.25,0,0.2,0.07,0.08,0,0.42,0,0,0,0.14,0.15,0.12,0,0.14,0,0,0,0,0,0,0,0,0,0,0,0.17,0,0,0,0.25,0,0,0,0,0,0,0,0,0.08,0,0,0,0,0,1,0,0,0,0.29,0.33,0.17,0.5,0.39,0,0,0,0,0,0.08,0,0,0,0,0,0,0,0,0,0.2,0,0,0,0,0,0.5,0,0,0,0,0.34,0.5,0,0,0,0,0,0,0.33,0.5,0,0,0,0.25,0.33,0.33,0,0,0,0,0,0,0,0,0,1,0,0,0,0,0,0,0,0,0,0,0,0,0.2,0,0.25,0.2,0,0,0,0,0,0,0,0,0.2,0.17,0,0,1,0,0,0,0,0,1,0,1,0,0
"bin_s14.cct6",1,0.94,1,1,1,1,1,1,1,0,0.5,0.86,1,1,1,1,1,0.67,0.83,0.86,0,0,1,0.71,1,0,1,0.92,1,0.5,0.5,0.33,0,0,0.17,1,0,1,1,0,0.4,0.5,0,0,1,0,0.33,0.5,0.67,0.29,0.67,0.2,0.29,0,0,0.29,0.29,0.5,0.67,0.4,0,0.17,0,0,0,0.33,0,1,1,0,0.88,1,0.67,0.31,0.15,0.14,0.88,1,0.6,0,1,0,0.31,0.15,0.14,0,1,0.71,0,0.88,0.67,0.6,0.18,0.62,0.73,0.67,1,0.75,0.33,0.84,0.75,0.33,1,0.67,0.5,0.4,0.6,1,0.33,0.09,0,0,0,0.5,0.78,0,0,0.11,0,0.5,0,0.8,0.71,0.67,1,0,0,0,0,0.25,0.25,0,0.17,0,0,0,0,0,0,0,0,0,0,0,0,0,0.14,0,0,0,0,0,0,0,0,0.88,0.67,0.6,0.15,0.31,0.43,0.25,0.12,0.43,0.33,0.36,0.31,0.25,0.38,0.14,0.17,0,0.33,0,0,0,0.5,0.5,0.5,0.5,0.2,0.17,0.2,0,0,0,0,0,1,0,0.33,0,0,0,0.08,0,0,0,0,1,1,0,0.5,0,0.43,0.67,0.5,0.5,0.33,0.29,0.4,0,0.33,0.29,0.72,0.5,0.33,0,0,0,0.25,0,1,0.5,0.4,0,0,1,0,0,0.5,0,0,1,0.17,0,0,0,0,0,1,1,0.67,0.67,1,0.4,0.33,0.5,0,0,0.33,0,0,0,0,0,0,1,0.5,0.67,1,0,0,0,0.5,0,0.5,0,0,0,0,0,0,0,0,0.25,0.27,0,0,0,0,0,0,0,0,0.57,0.17,0,0,1,0,0,0,0,0,0,1,0,0,0
"bin_s14.mtb11",1,0.94,1,1,1,1,0,0.8,1,0.5,0.5,0.57,0.25,0,0.2,0,0.67,0.89,0.67,0.71,0,0,0.33,0,1,0,0,0,0,0.25,0.25,0,0,0.33,0,0,0,0,0,0,0.2,0,0,0,1,0,0.22,1,1,0.29,0.67,0,0,0,0,0,0,0.5,0.33,0,0,0.17,0.5,0.5,0,0,0,1,0,0,0.1,0.17,0,0,0.08,0,0.1,0.17,0.2,0,0,0.25,0,0.08,0,0,0.33,0,0,0.1,0,0,0,0.38,0.5,0.33,1,0.33,0,0.5,0.25,0,0,0,0,0,0,1,0.33,0,0,0.14,0,0.57,0.89,0,0,0,0,0.5,1,1,0.86,0.67,0.67,0,0,0,0,0,0,0,0,0,0,0,0,0,0,0,0,0,0,0,0,0,0.14,0,0,0,0,0,0,0,0,0,0,0,0.15,0.23,0.43,0.42,0.19,0.14,0.83,0.29,0.15,0.25,0,0.14,0.17,0.75,0.33,0,0,0,1,0.5,0,0,0,0,0,0,0,1,0,0,0.75,0,0.33,0,0,0,0.08,0,0,0,0,1,0,1,0,0,0.29,0.67,0.17,0.5,0.28,0,0,0,0,0,0,0,0.33,0.33,0,0,0,0,0,0,0,0,0,0,0,0,0.5,0,0,0,0,0,0,0,0,0,0,0,0,0.67,1,0.6,0.33,0.5,0.25,0,0.33,0,0,0,0.5,0,0,0,1,0.67,0.5,0.5,0,1,0.5,0,0.5,0,0,0,0,0,0,0,0,0,0.27,0,0,0,0,0,0,0,0,0,0,0,0,1,0,0,0,1,0,0,1,0,1,0
"bin_s14.mtb51",1,0.78,1,1,0.75,1,0.67,1,1,0,0.33,0.57,1,0.5,1,0.33,0.89,0.67,0.83,0.86,0,0,1,0.43,0.5,0,0,0.08,0.83,0.5,0.5,0.33,0,0,0,0.75,0,0.6,0,0,0.4,0,0,0,0.5,0,0.33,0.5,0.67,0.29,0.67,0.4,0.29,0.17,0.14,0.29,0.29,0.25,0.67,0.2,0,0,0,0,0,0.33,0,0,1,0,0.75,0.8,0.67,0.38,0.08,0.43,0.75,0.8,0.6,0,0,0.75,0.38,0.08,0.43,0,1,0.43,0,0.75,0.67,0.4,0.09,0.75,0.67,0.83,0.5,1,0,0.84,0.75,0.17,0,0,0,0,0,0.55,0.17,0,0,0,0,0,0,0.83,1,0.22,0,0,1,0.8,0.71,0.67,1,0,0,0,0,0,0,0,0.17,0,0,0,0,0,0.5,0,0,0,0,0,0,0,0,0,0,0,0,0,0,0,0,0,0,0,0,0,0,0,0,0,0,0,0,0,0,0,0,0,0,0,0,0,0.5,0.5,0,0,0,0,0,0,0,0.25,0,0,0,0,0,0,0,0,0.08,0,0,0,0,1,1,0,0,0,0.14,0.33,0.17,0.5,0.17,0.14,0.2,0,0.17,0.14,0.24,0,0.67,0,0,0,0,0,0,1,0.2,0,0,0,0,0,0,0,0,1,0.33,0.5,0,0.5,0,0,0,0,0,0,0,0,0,0,0,0,0,0,0,0,0,0,1,0,0,0,1,0,0,0,0.16,0,0,0,0,0,0,0,0,0,0,0,0,0,0,0,0,0,0,0,0,0,0,0,0,0,0,0,0,0,0,1,0,0,0,0
"bin_s14.mtb52",0.12,0,1,0.5,0.75,0.5,0.33,0,0,0,0.33,0,0,0,0,0,0,0,0,0,0,0,0,0,0,0,0,0,0,0,0,0,0,0,0,0.5,0,0.2,0,0,0,0,0,0,0.5,0,0.11,0.5,0.67,0.14,0.33,0,0.14,0,0,0.14,0.14,0.25,0.33,0,0,0.17,0,0,0,0,0,1,0,1,0,0,0,0,0.04,0,0,0,0,0,0,0,0,0.04,0,0,0,0,0,0,0,0,0,0.25,0.2,0.33,0,1,0,0,0,0.17,0,0,0,0,0,0,0.17,0,0,0,0,0,0,0,0,0,0,0,0,0,0,0,0,0,0,0,0,0,0,0,0,0,0,0,0,0,0,0,0,0,0,0,0,0,0,0,0,0,0,0,0,0,0,0,0,0,0.07,0.08,0.29,0.42,0,0,0,0.14,0.15,0.12,0,0.14,0,0,0,0,0,0,0.5,0.5,0,0,0,0,0,0,0,0,0,0,0.25,0,0,0,0,0,0.08,0,0,0,0,1,0,0,0,0,0,0,0,0,0,0,0,0,0,0,0,0,0,0,0,0,0,0,0,0,0.2,0,0,0,0,0,0,0,0,0,0,0,0,0,0,0,0,0,0,0.67,1,0,0,0,0,0,0,0,0,0,0,0,0,0,0,0,0,0,0,0,0.16,0,0,0,0,0,0,0,0,0,0,0,0,0,0,0,0,0,0,0,0,0,0,0,0,0,0,0,0,0,0,1,0,0,0,0
"bin_s14.mxb11",1,0.94,1,1,1,1,1,1,1,0,0.33,0.86,1,1,1,1,1,0.67,0.83,0.86,0,0,1,0.57,0.5,0,0,0.83,1,0.5,0.5,0,0,0,0.17,1,0,0.8,0.5,0,1,0,0,0,1,0,0.33,0.5,0.67,0.29,0.67,0.2,0.29,0,0,0.29,0.29,0.5,0.67,0.6,0,0.17,0.5,0.5,0,0,0,0,1,0,1,1,0.33,0.38,0.31,0.36,1,1,0.6,0,1,0,0.38,0.31,0.36,0,1,0.57,0,1,1,1,0.36,0.88,0.93,1,1,1,0.67,1,0.75,0.33,1,1,0.75,0.6,0.8,1,0.5,0.41,0.77,0.71,0,0.5,0.78,0,0,0.11,0,0.5,1,1,0.86,0.78,1,0,0,0.14,0.14,0,0,0,0.17,0,0,0,0,0,0,0,0,0,0,0,0,0,0.14,0,0,0,0,0,0,1,0.67,0.75,0.53,0.8,0.15,0.31,0.29,0.42,0.06,0.43,0.17,0.29,0.23,0.12,0.38,0.43,0.17,0,0,0,0,0,0.5,0.5,0,0,0,0.17,0,0,0,0,0,0,0.25,0,0,0.04,0,0,0.08,0.33,0,0,0,1,1,0,0.5,0,0.57,0.67,0.5,0.5,0.47,0.14,0.2,0,0.17,0.14,0.36,0,0,0.33,0,0,0,0,0,0.5,0.4,0,0,0,0.14,0,0.5,0,0,0.5,0,0.5,0,0,0,0,0,0,0,0,0,0,0,0,0,0,0,0,0,0,0,0,0,0,0.5,0.67,1,0,0,0,0.5,0,0.5,0,0,0,0,0,0.5,0,0,1,0.47,0,0,0,0,0,0,0,0,0.43,0.35,0,0,1,0,0,0,0,0,0,0,1,0,0
"bin_s14.vmb0",0,0,1,1,0.5,0.5,0,0,0,0,0.17,0,0,0,0,0,0,0,0,0,0,0,0,0,0,0,0,0,0,0,0,0,0,0,0,0,0,0,0,0,0,0,0,0,0,0,0,0,0,0,0,0,0,0,0,0,0,0,0,0,0,0,0,0,0,0,0,1,0,0,0,0,0,0,0,0,0,0,0,0,0,0,0,0,0,0,0,0,0,0,0,0,0,0.12,0.1,0,0,0.08,0,0,0,0,0,0,0,0,0,0.2,0,0,0,0,0,0,0,0,0,0,0,0,0,0,0,0,0,0,0,0,0,0,0,0,0,0,0,0,0,0,0,0,0,0,0,0,0,0,0,0,0,0,0,0,0,0,0,0,0,0,0,0,0,0,0,0,0.17,0,0,0,0,0,0,0,0,0,0,0,0.5,0.5,0,0,0,0,0,0,0,0,0,0,0.25,0,0,0,0,0,0,0,0,0,0,0,0,0,0,0,0,0,0,0,0,0,0,0,0,0,0,0,0,0,0,0,0,0,0,0,0,0,0,0,0,0,0,0,0,0,0,0,0,0,0,0,0,0,0,0.67,1,0,0,0,0,0,0,0,0,0,0,0,0,0,0,0,0,0,0,0,0,0,0,0,0,0,0,0,0,0,0,0,0,0,0,0,0,0,0,0,0,0,0,0,0,0,0,0,0,0,0,0,0,0,0,0
"bin_s19.cct18_sub",1,0.94,1,1,1,1,0,0.2,1,0,0.33,0.14,0.25,0,0.4,0,0.67,0.56,0.67,0.71,0,0,1,0.29,1,0,0,0.06,0,0.25,0.25,0,0,0,0.17,0,0,0,0,0,0.2,1,0,0,1,0,0.33,0.5,1,0.57,1,0.4,0.14,0,0.29,0.14,0.14,0.5,0.67,0,0.5,0.5,0,0,0,0.33,0,1,0,1,0,0,0.33,0.15,0.08,0,0,0,0.6,0,0,0,0.15,0.08,0,0,1,0.29,0,0,0,0,0,0.75,0.75,0.67,1,0.33,0.33,0.34,0.25,0,0,0.5,0.5,0.4,0.4,0.8,0.17,0.86,0.46,0.86,0,0,0,0,0,0,0,0,1,1,0.86,0.67,0.67,0,0,0,0,0,0,0,0.17,0,0,0,0,0,0,0,0,0,0,0,0,0,0,0,0,0,0,0,0,0,0,0.25,0.2,0.4,0.07,0.23,0.43,0.58,0.12,0.86,0.83,0.21,0.31,0.25,0.38,0.14,0.67,0.75,0.67,0,0.5,0.5,1,0.5,0,0,0,0,0,0.5,0,0.25,0,0,0.75,0.5,0.67,0,0,0,0.08,0,0,0,0,1,1,0,0,0,0.14,0.67,0.17,0.5,0.33,0,0,0,0,0,0.04,1,0.33,0,0,0,1,0,0,0.5,0,0,1,0,0,0,0,0,0,0,0.33,0,0,0,0,0,0,0,0,0.67,1,0,0,0,0.25,0,0,0,0,0,0,0,0,0,1,0.33,1,1,1,0.5,0.5,0.5,0.25,0,0,0,0,0,0,0,0,0,0,0,0,0,0,0,0,0,0,0.29,0,0,0,1,0,0,0,0,0,1,0,0,1,0
"bin_s19.mtb52",1,0.94,1,1,1,1,1,1,0.5,0,0.33,0.71,0.75,1,0.8,1,1,0.67,1,0.86,0,0,1,0.71,1,0,1,0.95,0.92,1,1,0.67,0.5,0.33,0.17,1,0,1,0,0,1,0.5,0,0,1,0,0.33,0.5,0.67,0.29,0.67,0.4,0.14,0,0.14,0.14,0.14,0.5,0.67,0.6,0,0.17,0.5,0.5,1,0.33,0.33,0,0,0,1,1,0.33,0.46,0.23,0.29,1,1,0.6,1,1,0,0.46,0.23,0.29,0.92,1,0.71,0,1,1,1,0.36,0.88,0.87,1,1,1,0.67,1,0.75,0.67,0,0.67,0.5,0.4,0.4,0.8,0.5,0.09,0.23,0.14,0,0,0.11,0,0,0.78,0.17,0.5,1,1,0.86,0.78,1,0,0,0.14,0.14,0,0,0,0.17,0,0,0,0,0,0.17,0,0,0,0,0,0,0,0.14,0,0,0,0,0,0,0,0,0.88,0.67,0.8,0.07,0.08,0,0.75,0,0,0,0.14,0.15,0.12,0,0.14,0,0,0,0,0,0,0.5,0.5,0,0,0,0.17,0,0,0,0,0,0,0,0,0,0,0,0,0.08,0,0,0,0,1,1,0,0.5,0,0.29,0.33,0.33,0,0.47,0.14,0.4,0,0.33,0.14,0.32,0.5,0.33,0.33,0,0,0.5,0,0,1,0.2,0,0,1,0.43,0,1,0,0,0.5,0,0,0.75,0,0,0,0,0.67,0.67,0.33,0.5,0.4,0.67,0.75,0,0,0,1,0,1,0,0,1,0,1,0.67,1,0,0,0,0.5,0,0.5,0,0,0,0,1,1,0,0.5,1,0.87,0,0,0,0,0.04,0.25,0,0.33,0.71,1,0,0,1,0,0,0,0,0,0,0,1,0,0
"bin_s19.vmb3",0,0.5,1,1,0.25,0.5,0,0.2,0,0,0,0.14,0,0,0,0,0.33,0.33,0.33,0.57,0,0,0,0,0,0,0,0,0.5,0,0,0,0,0,0,0,0,0,0,0,0.2,0.5,0,0,0,0,0,0,0,0,0,0,0,0,0,0,0,0,0,0.4,0,0,0,0,0,0,0,0,0,0,0.33,0.53,0,0.08,0.21,0.07,0.33,0.53,0,0,0.5,0,0.08,0.21,0.07,0,0,0,0,0.33,0,0,0,0,0,0,0,0.25,0.33,0,0,0,0,0.67,0.5,0.4,0.6,0.05,0.17,0,0,0,0,0,0,0.17,0.2,0.06,0,0,0,0.4,0.29,0.33,0.33,0,0,0,0,0,0,0,0,0,0,0,0,0,0,0,0,0,0,0,0,0,0,0,0,0,0,0,0,0,0,0,0,0.2,0,0,0.29,0,0,0,0,0,0,0,0,0,0,0,0,0,0,0,0,0,0,0,0,0,0,0,0,0,0,0,0,0,0,0,0,0,0.08,0,0,0,0,0,0,0,0,0,0,0,0,0,0.11,0,0,0,0,0,0,0.5,0.33,0,0,0,0.25,0,0,0,0,0,0,0,0.29,0,0,0,0,0,0,0,0,0,0,0,0,0,0,0,0,0,0,0,0,0,0,0,0,0,0,0,1,0,0,0,0,0,0,0,0,0,0,0,0,0,0,0,0,0,0,0,0,0,0,0,0,0,0,0,0,0,0,0,0,0,0,0,0,0,0,0,0,0,0,0
"bin_s2.mtb4",1,0.94,1,0.5,0.75,0.75,0,1,1,0,0.33,0.86,1,1,1,1,0.67,0.89,0.83,0.71,0,0,1,0.29,1,0,1,0.06,0.17,0.5,0.5,0,0,0,0,0,0,0,0,0,0.4,0,0,1,1,0,0.33,0.5,1,0.43,0.67,0.2,0,0,0,0,0,0.5,0.67,0,0,0.33,0.5,0.5,0,0,0.33,1,0,1,0.48,0.17,0.33,0.08,0.08,0,0.48,0.17,0.6,0,0,0.25,0.08,0.08,0,0,1,0.29,0,0.48,1,0.4,0.27,0.38,0.5,0.33,1,0.33,0,0.34,0.25,0,0,0,0,0,0,0.8,0.33,0,0,0,0,0.57,0.89,0,0,0,0,0.5,1,1,0.86,0.78,1,0,0,0,0,0,0,0,0.17,0,0,0,0,0,0,0,0,0,0,0,0,0,0,0,0,0,0,0,0,0,0,0,0.2,0.2,0.15,0.31,0.29,0.42,0.12,0.29,0.83,0.29,0.23,0.25,0,0.14,0.17,0.5,0.33,0,0,0.25,1,0.5,0,0,0,0,0,0.25,0,0,0,0,0.75,0,0.33,0.04,0,0,0.08,0.33,0,0,0,1,1,0,0,0,0.43,0.67,0.17,0.5,0.28,0,0,0,0,0,0.04,0,0,0.33,0,0,0,0,0,0,0,0,1,1,0,0,0.5,0,0,0,0,0,0,0,0,0,0,0,0,0.67,1,0.6,0.33,0.5,0.25,0,0,0,0,0,0,0,0,1,1,0.33,0.5,0.5,0,1,0.5,0,0.25,0,0,0,0,0,0,0,0,0,0.27,0,0,0,0,0,0,0,0,0.14,0,0,0,1,0,0,0,1,0,1,0,0,1,0
"bin_s2.mxb1",0.25,0.22,1,0.5,0.5,0.25,0,1,1,0,0.33,0.86,0.25,0,0.2,0,0.44,0.44,0.5,0.57,0,0,0.33,0.43,0.5,0,0,0,0,0,0,0,0,0,0,0.62,0,0.6,0.5,0,0.4,0,0,0,0.5,0,0.22,0.5,0.67,0,0.67,0,0,0,0,0,0,0.25,0.33,0.2,0,0,0,0,0,0,0,0,0,0,0.15,0.23,0,0.12,0.04,0,0.15,0.23,0.2,0,0.25,0.75,0.12,0.04,0,0,0.33,0.43,0,0.15,0,0.4,0,0.62,0.5,0.67,0,0.75,0.33,0,0,0.33,0,0,0,0,0,0.3,0,0,0,0.14,0,0,0.22,0,0,0.33,0,0,0,0.2,0.14,0.33,0.67,0,0,0,0,0,0,0,0,0,0,0,0,0,0,0,0,0,0,0,0,0,0,0,0,0,0,0,0,0,0,0,0,0,0.81,0.77,0.57,0.08,0.12,0.29,0.83,0.36,0.31,0.25,0,0.14,0.17,0,0.33,0,0.5,0.75,0,0,1,0.5,0,0.17,0,1,0.25,0.25,0,0,0,0.5,0.33,0,0,0,0.08,0,0,0,0,1,0,0,0,0,0,0,0,0,0.06,0.14,0,0,0.17,0.14,0,0,0,0,0,0,0.5,0,0,0.5,0,0,0,0,0,0,0,0,0,0,0,0.5,0,0.5,0,0,0,0,0,0.33,0.5,0,0,0,0,0,0,0,0,0,0,0,0,0,0,0.33,0.5,0,0,0,0.16,0,0,0,0,0,0,0,0,0,0,0,0,0,0,0,0,0,0,0,0,0,0,0,0,0,0,1,0,0,0,0,0,1,0,0
"bin_s21.mtb63",1,0.89,1,1,1,1,0.67,1,1,0,0.5,0.71,1,1,1,1,1,0.67,0.83,0.86,0,0,0.67,0.43,1,0,0,0.86,0.92,1,1,0.67,0.25,0,0,1,0,0.8,1,0,0.4,0,0,0,1,0,0.22,0.5,0.67,0,0.67,0,0,0,0.14,0,0,0.25,0.67,0.6,0,0,0.5,0.5,0,0.33,0,1,1,0,1,1,0.33,0.31,0.15,0.14,1,1,0.4,0.2,1,0,0.31,0.15,0.14,0,0.67,0.43,0,1,1,1,0.27,0.88,0.87,1,1,1,0,1,0.75,0.67,0,1,0.75,0.6,0.8,1,0.5,0,0,0,0,0,0.11,0,0,0.78,0,0,1,1,0.86,0.78,1,0,0,0,0,0,0,0,0.17,0,0,0,0,0,0,0,0,0,0,0,0,0,0.14,0,0,0,0,0,0,0,0,0.25,0.07,0,0.07,0.08,0,0.42,0,0,0,0.14,0.15,0.12,0,0.14,0,0,0,0,0,0,0,0,0,0,0,0.17,0,0,0,0,0,0,0.25,0,0,0,0,0,0.08,0,0,0,0,0,1,0,0,0,0.14,0.33,0.17,0.5,0.22,0.14,0.2,0,0.17,0.14,0.2,0,0.33,0.33,0,0,0,0,0,0.5,0,0,0,0,0,0,0,0,0,0.5,0,0,0,0,0,0,0,0,0,0,0,0,0,0,0,0,0,0,0,0,0,0,1,0,0,0,0.5,0,0,0,0.16,0,0.25,0,0,0,0,0,0,0,0,0,0,0,0,0,0,0,0,0,0,0,0,0,0,0,0,0,0,0,0,0,0,0,0,0
"bin_s21.mxb1",0.88,0.94,0,0,0.5,0.5,0,0.2,0,0,0.5,0.43,0,0,0,0,0.33,0.44,0.5,0.43,0,0,0,0,0,0,0,0.06,0,0,0,0,0,0.33,0,0,0,0,0,0,0.2,1,0,0,0.5,0,0.11,0,0.67,0.43,0.33,0,0.14,0,0,0.14,0.14,0.5,0.33,0,0,0,0,0,0,0,0,0,0,0,0.12,0.2,0,0,0.08,0.14,0.12,0.2,0,0,0,0,0,0.08,0.14,0,0,0,0,0.12,0,0,0,0.12,0.1,0,0,0.08,0,0,0,0,0,0.33,0.25,0.2,0.2,0.2,0,1,0.54,0.86,0,0,0,0,0,0,0,0,1,0.6,0.43,0.44,0.67,0,0,0,0,0,0,0,0,0,0,0,0,0,0,0,0,0,0,0,0,0,0,0,0,0,0,0,0,0.5,0.33,0,0,0,0.15,0.15,0.29,0.25,0.06,0.14,0.17,0.29,0.15,0.12,0,0.14,0,0.25,0,0,0,0,0,0,0,0,0,0,0,0,0,0,0,0,0.25,0.5,0.67,0.04,0,0,0.08,0.33,0,0,0,0,0,0,0,0,0,0.33,0,0,0.06,0,0,0,0,0,0,1,0.33,0,0,0,0.5,1,1,0,0.2,0,0,0,0,0,0,0,0,0,0,0,0,0,0,0,0,0,0,0.67,1,0,0,0,0,0,0,0,0,0,0,0,0,0,1,0.33,0,0,0,0,0.5,0,0.25,0,0,0,0,0,0,0,0,0,0,0,0,0,0,0,0,0,0,0,0,0,0,0,0,0,0,1,0,0,1,1,1,0
"bin_s21.mxb8",1,0.94,1,1,1,1,1,1,1,0,0.17,1,1,1,1,1,1,0.67,0.83,0.86,0,0,1,0.57,1,0,0,0.92,0.92,0.25,0.25,0,0,0,0,1,0,0.8,1,0,0.4,0,0,0,1,0,0.33,0.5,0.67,0.29,0.67,0.2,0.14,0,0.14,0.14,0.14,0.25,0.67,0.6,0,0.17,0,0,0,0,0,0,1,0,0.83,0.93,0.33,0.27,0.13,0.29,0.83,0.93,0.6,0,0.5,0,0.27,0.13,0.29,0,1,0.57,0,0.83,0.67,1,0.27,0.62,0.73,0.67,1,1,0,1,1,0.17,1,0,0,0,0,1,0.5,0.05,0.08,0.14,0,0.36,0.67,0,0,0.11,0,0.5,1,1,0.86,0.78,1,0,0,0,0,0.25,0.25,0,0,0,0,0,0,0,0,0,0,0,0,0,0,0,0.14,0,0,0,0,0,0,0.5,0.33,0.75,0.47,0.8,0.07,0.08,0,0.42,0,0,0,0.14,0.15,0.12,0,0.14,0,0,0,0,0,0,0.5,0.5,0,0,0,0.17,0,0,0,0,0,0,1,0,0,0,0,0,0.08,0,0,0,0,1,1,0,0.5,0,0.29,0.33,0.33,0.5,0.47,0.14,0.2,0,0.17,0.14,0.32,0,0,0,0,0,0.25,0,0,0.5,0.2,0,0,0,0,0,0,0,0,0.5,0,0.5,0.25,0,0,0,1,0,0,0,0,0,0,0,0,0,0,0,0,0,0,0,0,0,0,0,1,0,0,0,0.16,0,0.25,0,0,0,0,0,0,0,0,0,0,0,0,0,0,0,0,0,0,0.43,0,0,0,0,0,0,0,0,0,0,0,0,0,0
"bin_s22.cct46",1,0.83,1,1,1,0.75,1,0.8,1,0,0.17,0.71,1,1,0.8,1,0.67,0.67,0.83,1,0,0,1,0.43,0.5,0,0,0.75,0.67,0.5,0.25,0.33,0,0,0,0.75,0,0.6,0,0,0.4,0,0,0,0,0,0.22,0,0,0.14,0,0.4,0.14,0.17,0,0.14,0.14,0,0,0.6,0,0.17,0.5,0.5,0,0.33,0,0,1,0,0.88,1,0,0.31,0.33,0.29,0.88,1,0.6,0,0.75,0,0.31,0.33,0.29,0,1,0.43,0,0.88,0.67,0.4,0.36,0.5,0.4,0.67,0,1,0,1,1,0.5,0,0.67,0.5,0.4,0.6,0.45,0.17,0.91,0.54,1,0,0,0.11,0.33,0.4,0.28,0,0,0,0.6,0.43,0.56,1,0,0,0,0,0,0,0,0.17,0,0,0,0,0,0,0,0,0,0,0,0,0,0.14,0,0,0,0,0,0,1,0.67,0.62,0.27,0.6,0.07,0.23,0.29,0.42,0.12,0.86,0.83,0.21,0.23,0.25,0,0.14,0.5,0,0,0,0,0,0.5,0.5,0,0,0,0,0,0,0,0,0,0,0.5,0,0,0,0,0,0.08,0,0,0,0,0,0,0,0,0,0.14,0.33,0.17,0.5,0.64,0,0,0,0,0,0.08,0,0,0.33,0,0,0.5,0,0,0.5,0.2,0,0,0,0,0,0,0,0,0,0,0,0,0,0,0,0,0,0,0,0,0,0,0,0,0,0,0,0,0,0,0,1,0,0,0.33,1,0,0,0,0,0,0.25,0,0,0,0,0,0,0,0,0,0,0,0,0,0,0,0,0,0,0.14,0.02,0,0,0,0,0,0,0,0,1,0,0,0,0
"bin_s23.cct42",0.88,0.78,1,1,0.75,1,0.67,1,1,0,0.17,0.57,0.5,0,0.4,0,0.89,0.67,0.83,0.86,0,0,0.67,0.29,0.5,0,0,0.08,0.5,0.25,0.25,0,0,0,0,0,0,0,0,0,0.4,0,0,0,0,0,0.11,0,0.33,0.29,0,0.2,0.14,0,0,0.14,0.14,0,0,0.2,0,0,0,0,0,0.33,0,0,1,0,0.88,1,0.67,0.46,0.08,0.57,0.88,1,0.4,0,0,0.75,0.46,0.08,0.57,0,0.67,0.29,0,0.88,0.67,0.4,0.09,0.62,0.47,0.67,0,1,0,1,0.75,0.17,0,0.5,0.25,0.2,0.4,0.55,0.17,0,0,0,0,0,0,0.67,1,0.22,0,0,1,0.8,0.71,0.67,1,0,0,0,0,0,0,0,0,0,0,0,0,0,0.17,0,0,0,0,0,0,0,0,0,0,0,0,0,0,0,0,0,0,0.2,0,0,0,0,0,0,0,0,0,0,0,0,0,0,0,0,0,0,0.5,0.5,0,0,0,0,0,0,0,0,0,0,0.25,0,0,0,0,0,0.08,0,0,0,0,1,0,0,0,0,0.14,0.33,0.17,0.5,0.17,0.14,0.2,0,0.17,0.14,0.24,0,0.67,0,0,0,0,0,0,1,0.2,0,0,0,0,0,0,0,0,1,0.17,0,0,0,0,0,1,0,0,0,0,0,0,0,0,0,0.33,0,0,0,0,0,1,0,0,0,0,0,0,0,0,0,0,0,0,0,0,0,0,0,0,0,0,0,0,0,0,0,0,0,0,0,0,0,0,0,0,0,0,0,0,1,0,0,0,0
"bin_s23.vmb19",0.75,0.94,1,0,0.25,0.75,0.33,0.8,1,0,0.5,0.71,1,1,1,1,0.56,0.56,0.83,0.57,0,0,1,0.57,1,0,0,0.78,0.83,0.25,0.25,0,0,0,0,1,0,0.8,0,0,0.2,0,0,0,1,0,0.33,0.5,0.67,0.14,0.67,0.2,0,0,0,0,0,0.5,0.67,0,0,0.17,0,0,0,0,0,1,0,0,0.35,0.17,0,0.08,0.08,0,0.35,0.17,0.6,0,0,0.25,0.08,0.08,0,0,1,0.57,0,0.35,0.67,0.2,0.18,0.12,0.1,0,0,0.33,0,0.34,0.25,0.17,0,0,0,0,0,0.6,0.17,0,0,0.14,0,0,0.11,0,0,0,0,0,1,1,0.86,0.67,0.67,0,0,0,0,0,0,0,0,0,0,0,0,0,0,0,0,0,0,0,0,0,0,0,0,0,0,0,0,0,0,0,0,0,0.19,0.46,0.43,0.67,0.12,0.86,0.83,0.29,0.31,0.25,0.25,0.86,0.5,0.5,0.33,0,0.5,0.5,1,0.5,1,0.5,0,0,0,0.5,0,0.25,0,0,0.75,0.5,0.67,0.04,0,0,0.08,0.33,0,0,0,1,1,0,0,0,0.29,0.67,0.17,0.5,0.22,0,0,0,0,0,0.04,0,0,0,0,0,0,0,0,0,0,0,0,0,0,0,0,0,0,0,0,0,0,0,0,0,0,0,0,0.67,1,0.8,0.33,0.75,0.25,0,0,0,0,0,0,0,0,0,1,0.33,0.5,0,0,0,0.5,0.5,0.25,0,0,0,0,0,0,0,0,0,0.27,0,0,0,0,0,0,0,0,0,0.02,0,0,0,0,0,0,1,0,1,1,1,1,0
"bin_s24.vmb3",1,0.72,0,1,1,1,0.33,0.8,0.5,0,0.67,0.57,0.25,0,0.2,0,0.44,0.56,0.83,0.57,0,0,0,0,1,0,1,0.11,0.17,0.25,0.25,0,0,0,0,0,0,0,0,0,0.2,0,0,0,1,0,0.44,1,1,0.43,1,0.6,0.29,0.17,0.14,0.29,0.29,0.5,0.33,0,0.5,0.67,0.5,0.5,0,0,0,1,0,1,0.1,0.17,0,0.08,0.08,0,0.1,0.17,0,0,0,0.25,0.08,0.08,0,0,0,0,0,0.1,0,0,0,0.38,0.5,0.33,1,0.33,0,0.34,0.25,0,0,0,0,0,0,0.6,0.17,0,0,0,0,0,0.11,0,0,0,0,0,1,0.8,0.71,0.56,0.67,0,0,0,0,0,0,0,0,0,0,0,0,0,0,0,0,0,0,0,0,0,0.14,0,0,0,0,0,0,0,0,0,0.2,0.2,0.81,0.69,0.29,0.58,0.12,0.14,0.83,0.43,0.31,0.25,0,0.29,0,0,0,0,0,0.25,1,0.5,0,0,0,0,0,0.25,0,0,0,0,0.75,0.5,0.67,0,0,0,0.08,0,0,0,0,1,0,0,0,0,0.29,0.67,0.17,0.5,0.28,0,0,0,0,0,0.04,0,0,0.33,0,0,0,0,0,0,0.2,0,0,1,0,0,0.5,0,0,0,0.17,0,0,0,0,0,0,0,0,0.67,1,0.6,0.33,0.5,0.25,0,0.33,0,0,0,0,0,0,0,1,0.33,1,0.5,0,1,0.5,0,0.25,0,0,0,0,0,0,0,0,0,0.27,0,0,0,0,0,0,0,0,0.14,0,0,0,1,0,0,0,1,0,0,1,1,1,0
"bin_s27.mtb32",1,0.94,1,0.5,1,1,1,1,1,0,0.5,1,1,1,1,1,1,0.67,0.83,0.86,0,0,1,0.57,1,0,1,0.92,0.92,0.5,0.5,0,0,0,0,1,0,0.8,1,0,0.4,0.5,0,0,1,0,0.33,0.5,0.67,0.14,0.67,0.2,0.14,0,0.14,0.14,0.14,0.5,0.67,0.6,0,0.17,0,0,0,0,0,1,1,0,0.83,0.93,0.67,0.35,0.13,0.29,0.83,0.93,0.6,0,0.5,0,0.35,0.13,0.29,0,1,0.57,0,0.83,0.67,0.6,0.27,0.62,0.73,0.67,1,1,0.67,1,1,0.17,0.5,0.67,0.5,0.4,0.6,0.8,0.5,0.05,0.08,0.29,0,0.5,0.78,0,0,0.11,0,0.5,1,1,0.86,0.78,1,0,0,0.14,0.14,0,0,0,0.17,0,0,0,0,0,0,0,0,0,0,0,0,0,0.14,0,0,0,0,0,0,0.5,0.33,0.38,0.27,0.4,0.07,0.08,0.43,0.42,0,0,0,0.14,0.15,0.12,0,0.14,0,0,0,0,0,0,0.5,0.5,0.5,0.5,0,0,0,0,0,0,0,0,0.25,0,0.33,0,0,0,0.08,0,0,0,0,1,1,0,0.5,0,0.29,0.67,0.17,0.5,0.22,0.29,0.2,0,0.33,0.29,0.48,0.5,0,0,0,0,0.25,0.5,0,0.5,0.2,0,0,1,0,0,0.5,0,0,1,0.17,0.5,0.25,0,0,0,0,0,0,0.67,1,0,0,0,0.25,0.33,0.33,0,0,0,0,0,0,0,0.5,0.33,0.5,0,0,0,0.5,0,0.5,0,0,0,0,0,1,0.2,0,0.75,0.2,0,0,0,0,0,0,0,0,0.57,0.02,0,0,0,0,0,0,0,0,1,1,0,0,0
"bin_s27.mtb39",1,0,1,1,1,1,1,1,1,0,0.5,0.86,1,1,1,1,0.89,0.67,0.83,0.86,0,0,0.67,0.29,0.5,0,0,0.08,1,0.5,0.5,0.33,0,0,0,0,0,0,0,0,0.6,0,0.5,0,1,0,0.33,0.5,0.67,0.14,0.67,0.2,0.14,0,0,0.14,0.14,0.25,0.67,0.4,0,0.17,0,0,0,0.33,0,0,0,0,0.83,0.73,0,0.27,0.18,0.14,0.83,0.73,0.6,0,0.25,0.75,0.27,0.18,0.14,0,0.67,0.29,0,0.83,1,0.4,0.18,0.38,0.3,0.33,0,0.33,0,0.16,0,0.17,0,0.17,0.25,0.2,0.2,1,0.33,0,0,0,0,0.57,1,0,0,1,0,0.5,1,1,0.86,0.78,1,0,0,0,0,0,0,0,0.17,0,0,0,0,0,0,0,0,0,0,0,0,0,0,0,0,0,0,0,0,0,0,0.25,0.07,0.2,0.07,0.08,0,0.75,0,0,0,0.14,0.15,0.12,0,0.14,0,0,0,0,0,0,1,0.5,0,0,0,0,0,0,0,0,0,0,0.25,0.5,0.67,0,0,0,0.08,0,0,0,0,1,1,0,0,0,0.14,0.33,0.17,0.5,0.22,0,0,0,0,0,0.04,0,0,0,0.5,0,0,0,0,1,0.2,0,0,0,0,0,0,0,0,0,0,0.75,0,1,0,0,0,0,0,1,1,0,0,0,0,0,0,0,0,0,0,0,1,0,0,0.33,1,0,0,0.5,0.16,0,0.25,0,0,0,0,0,0,0,0,0,0,0,0,0,0,0,0,0,0,0,0,0,0,0,0,0,0,0,0,1,0,0,0,0
"bin_s27.vmb32",0.75,0.94,1,1,0.5,1,0.67,0.8,1,0,0.5,0.57,1,1,1,1,0.56,0.56,0.83,0.57,0,0,1,0.57,1,0,0,1,0.67,0.5,0.5,0,0,0.33,0.17,1,0,0.8,0,0,0.2,1,0.5,0,0,0,0.11,0,0,0.29,0,0.2,0.29,0,0.14,0.29,0.29,0.25,0.33,0.6,0,0,0,0,0,0.33,0,0,0,0,1,1,0.33,0.31,0.38,0.36,1,1,0.8,0,0.75,0,0.31,0.38,0.36,0,1,0.57,0,1,1,1,0.36,0.69,0.75,0.67,1,1,0,1,1,0.17,0.5,0.67,0.5,0.4,0.6,0.8,0.5,0,0,0.57,0,0.43,0.89,0,0,0.11,0,0.5,1,1,0.86,0.67,0.67,0,0,0,0,0,0,0,0.17,0,0,0,0,0,0,0,0,0,0,0,0,0,0.14,0,0,0,0,0,0,0,0,1,0.67,0.8,0,0,0,0,0,0,0,0,0,0,0,0,0,0,0.33,0,0,0,0,0,0,0,0,0.17,0,0,0,0,0,0,0,0,0,0,0,0,0.08,0,0,0,0,1,1,0,0,0,0.43,0.67,0.33,0.5,0.8,0.14,0.2,0,0.17,0.14,0.24,1,0.33,0,0.5,0,1,0.5,1,1,0.4,0,0,0,0.43,0,0.5,0,0,0.5,0,0,0,0,0,0,0,0,0.33,0.33,0.5,0.2,0,0.25,0.25,0,0.33,0,0,0,0.5,1,0,1,0.5,0.33,1,0,0,0,0.5,0,0.5,0,0,0,0,0,0,0,0,0,0.27,0,0,0,0,0,0,0,0,0.14,0,0,0,0,0,0,0,0,0,1,1,0,0,0
"bin_s27.vmb37",0.12,0.89,1,0.5,0.75,0.75,0.33,0,1,0,0.33,0.14,0,0,0.2,0,0.11,0.11,0.17,0.14,0,0,0,0,1,0,0,0,0,0,0,0,0,0,0,0,0,0,0,0,0,0,0,1,1,0,0.33,0.5,0.67,0.29,0.67,0.2,0,0,0,0,0,0.5,0.67,0.2,0,0.17,0,0,0,0,0.33,1,0,1,0.19,0.3,0,0.08,0.15,0,0.19,0.3,0,0,0,0,0.08,0.15,0,0,0,0,0,0.19,0,0,0,0.12,0.1,0,0,0.33,0,0,0,0.17,0,0,0,0,0,0.4,0.17,0,0,0,0,0,0,0,0,0,0,0,0,0,0,0,0.33,0,0,0,0,0,0,0,0,0,0,0,0,0,0,0,0,0,0,0,0,0,0,0,0,0,0,0,0,0.5,0.33,0,0,0,0.15,0.31,0.29,0.25,0.12,0.29,0.83,0.29,0.23,0.25,0.25,0.14,0.5,0,0.33,0,0,0,0.5,0.5,1,0.5,0,0,0,0,0,0,0,0,0.75,0,0,0,0,0,0.08,0,0,0,0,1,1,0,0,0,0,0.33,0,0,0.11,0,0,0,0,0,0.04,0,0,0,0,0,0,0,0,0.5,0,0,0,0,0,0,0,0,0,0,0,0,0,0,0,0,0,0,0,0.67,1,0,0,0,0,0,0.33,0,0,0,0,0,0,0,1,0.33,0.5,0,0,0,0.5,0,0.25,0,0,0,0,0,0,0,0,0,0.2,0,0,0,0,0,0,0,0,0,0,0,0,0,0,0,0,0,0,0,0,0,0,0
"bin_s27.vmb3_sub",1,0.83,1,1,1,1,1,0.8,0.5,0,0.5,0.86,0.5,1,0.6,1,1,0.67,0.83,0.86,0,0,1,0.57,1,0,1,1,0.92,0.5,0.5,0.33,0,0.33,0,0.75,0,0.8,0,0,0.6,0.5,0,0,1,0,0.33,0.5,0.67,0.14,0.67,0.4,0.29,0,0,0.29,0.29,0.25,0.67,0.6,0,0.17,0,0,0,0,0,1,0,0,1,1,0.33,0.38,0.23,0.29,1,1,0.6,0,1,0.5,0.38,0.23,0.29,0,1,0.57,0,1,1,0.6,0.36,0.25,0.4,0.33,1,1,0,0.66,0.5,0.33,0,0.33,0.25,0.2,0.2,0.8,0.5,0,0,0,0,0,0.22,0,0,0.33,0,0,1,1,0.86,0.78,1,0,0,0,0,0,0,0,0.17,0,0,0,0,0,0,0,0,0,0,0,0,0,0,0,0,0,0,0,0,0,0,0.62,0.47,0.4,0.15,0.15,0.29,0.42,0,0,0,0.14,0.23,0.62,0,0.14,0,0,0.67,0,0,0,1,0.5,0,0,0,0,0,0,0,0,0,0,0,0,0.33,0,0,0,0.08,0,0,0,0,1,1,0,0,0,0.14,0.33,0.33,0.5,0.22,0.29,0.2,0,0.17,0.29,0.3,0.5,0,0,0,0,0.75,0,1,0.5,0.4,0,0,1,0,1,0,0,0,0.5,0,0.5,0.75,0.5,0,0,0,0,0,0.33,0.5,0.4,0.33,0.5,0,0,0,1,0,0,0,0,1,0,0,0.33,0.5,0,0,0,0.16,0,0.25,0,0,0,0,0,0,0,0,0,0,0,0,0,0,0,0,0,0,0.71,0,0,0,0,0,0,0,0,0,0,0,0,0,0
"bin_s28.cct16",1,0.94,1,1,1,1,1,0.8,1,0,0.17,0.57,1,1,1,1,0.67,0.44,0.83,0.71,0,0,1,0.57,1,0,0.25,0.95,0.92,1,0.75,1,0.25,0,0.17,1,0,0.8,0,0,0.2,0,0.5,0,1,0,0.44,0.5,0.67,0.29,0.67,0.6,0.14,0.17,0.29,0.14,0.14,0.5,0.67,0.4,0,0.17,0,0,0,0,0,0,1,0,0.91,0.85,0.33,0.42,0.21,0.07,0.91,0.85,0.6,0.2,1,0,0.42,0.21,0.07,0,1,0.57,0,0.91,1,0.8,0.18,0.81,0.75,0.83,0.5,1,0.33,1,1,1,0,1,0.75,0.6,0.8,0.8,0.5,0.27,0.31,0.86,0,0,0.11,0,0,1,0.17,0,1,1,0.86,0.67,0.67,0,0,0,0,0,0,0,0.17,0,0,0,0,0,0,0,0,0,0,0,0,0,0.14,0,0,0,0,0,0,0.5,0.33,1,0.73,0.8,0.07,0.08,0,0.42,0,0,0,0.14,0.15,0.12,0,0.14,0,0,0,0,0,0,0,0,0,0,0,0.17,0,0,0,0,0,0,0.25,0,0,0,0,0,0.08,0,0,0,0,0,1,0,0.5,0,0.29,0.67,0.33,0.5,0.33,0.29,0.2,0,0.17,0.29,0.32,0,0,0,0.5,0,0.5,0,0,0.5,0.2,0,0,0.25,0,0,1,0,0.5,0.5,0.17,0,0,0,0,0,0,0,0,0.33,0.5,0,0,0,0,0,0,0,0,0,0,0,1,0,0.5,0.33,0.5,0,0,0,0.5,0,0.5,0,0,0,0,0,0,0,0,0,0.2,0,0,0,0,0,0,0,0,0.14,0.17,0,0,0,0,0,0,0,0,0,0,0,0,0
"bin_s28.cct47",0.12,0.89,1,0.5,0.75,0.75,0.33,0,1,0,0.33,0.14,0,0,0,0,0,0,0,0,0,0,0,0,0.5,0,0,0,0,0,0,0,0,0,0,0,0,0,0,0,0,0,0,1,1,0,0.33,1,0.67,0.29,0.67,0.2,0,0,0,0,0,0.5,0.33,0.2,0,0.17,0,0,0,0,0.33,1,0,1,0.19,0.3,0,0.08,0.15,0,0.19,0.3,0,0,0,0,0.08,0.15,0,0,0,0,0,0.19,0,0,0,0.12,0.1,0,0,0.33,0,0,0,0.17,0,0,0,0,0,0.4,0.17,0,0,0,0,0,0,0,0,0,0,0,0,0,0,0,0,0,0,0,0,0,0,0,0,0,0,0,0,0,0,0,0,0,0,0,0,0,0,0,0,0,0,0,0,0.5,0.33,0,0,0,0.07,0.08,0.29,0.58,0.06,0.14,0.17,0.21,0.15,0.12,0,0.14,0.33,0,0.33,0,0,0,0.5,0.5,0,0,0,0,0,0,0,0,0,0,0.75,0,0.33,0.04,0,0,0.08,0.33,0,0,0,1,0,0,0,0,0,0.33,0,0,0.11,0,0,0,0,0,0.04,0,0,0,0,0,0,0,0,0.5,0,0,0,0,0,0,0,0,0,0,0,0,0,0,0,0,0,0,0,0.67,1,0,0,0,0.25,0,0.33,0,0,0,0,0,0,0,1,0.33,0.5,0,0,0,0.5,0,0.25,0,0,0,0,0,0,0,0,0,0.2,0,0,0,0,0,0,0,0,0,0,0,0,0,0,0,0,0,0,0,1,1,0,0
"bin_s28.cct48",0.94,0.72,1,0.5,1,1,0.33,0.6,1,1,0.17,0.71,0.25,0,0.4,0,0.78,0.56,1,0.86,0,0,0.67,0.57,0,0,1,0,0,0.25,0.25,0,0,0,0.17,0.5,0,0.6,0,0,0.2,0.5,0,0,0,0,0.11,0,0,0.14,0,0.2,0,0,0.14,0,0,0,0.33,0.6,0,0,0,0,0,0.33,0,0,1,0,0.84,0.95,0,0.27,0.38,0.21,0.84,0.95,0.4,0.6,0.75,0,0.27,0.38,0.21,0,0.67,0.57,0,0.84,0.67,0.6,0.27,0.88,0.67,0.83,0.5,0.75,0,1,1,0.33,0,0.33,0.25,0.2,0.4,0.55,0.5,0,0,0,0,0.18,0.44,0,0,0.11,0,0,1,0.6,0.43,0.56,1,0.33,0.33,0,0,0,0,0,0.17,0,0,0,0,0,0,0,0,0,0,0,0,0,0,0,0,0,0,0,0,0,0,0.25,0.07,0.2,0.07,0.08,0,0.42,0,0,0,0.14,0.15,0.12,0,0.14,0,0,0,0,0,0,0.5,0.5,0,0,0,0,0,0,0,0,0,0,0.25,0,0,0,0,0.17,0.08,0,0,0,0,1,1,1,0,0,0.14,0.33,0.17,0.5,0.53,0,0,0,0,0,0.08,0.5,0,0,0,0,0.25,0,0,1,0,0,0,1,0.57,0,0,0,0,0,0,0,0,0,0,0,1,0,0,0,0,0,0,0,0,0,0,0,0,0,0,0,1,0,0,0,0,0,0,0,0,0,0.25,0,0,0,0,0,0,0,0,0,0.2,0,0,0,0,0,0,0,0,0.31,0,0,0,1,0,0,0,0,0,1,0,1,0,0
"bin_s28.mtb8",0.12,0.89,1,0.5,0.5,0.75,0,0.4,0,0,0.33,0.29,0,0,0,0,0.56,0.56,0.67,0.86,0,0,0,0,0,0,0,0,0,0,0,0,0,0,0,0,0,0,0,0,0.4,0,0,0,1,0,0.22,0.5,1,0.14,0.67,0,0,0,0,0,0,0.25,0.33,0.2,0,0,0,0,0,0,0,0,1,0,0.08,0.13,0,0.15,0.05,0,0.08,0.13,0,0,0.5,0,0.15,0.05,0,0,0,0,0,0.08,0,0,0,0.38,0.4,0.5,0.5,1,0,0,0,0,0,0.17,0,0,0.2,0.05,0.17,0,0,0,0,0,0,0.83,0.8,0.17,0,0,0,0.6,0.43,0.56,1,0,0,0,0,0,0,0,0,0,0,0,0,0,0.17,0,0,0,0,0,0,0,0,0,0,0,0,0,0,0,0,0,0,0,0.07,0.08,0,0.42,0,0,0,0.14,0.15,0.12,0,0.14,0,0,0,0,0,0,0.5,0.5,0,0,0,0,0,0,0,0,0,0,0.25,0,0,0,0,0,0.08,0,0,0,0,1,0,0,0,0,0,0,0,0,0,0,0,0,0,0,0,0,0,0,0,0,0,0,0,0.5,0,0,0,0,0,0,0,0,0,0,0,0,0,0,0,0,0,0,0,0,0,0,0,0,0,0,0,0,0,0,0,0,1,0,0,0,0,0,0,0,0.16,0,0,0,0,0,0,0,0,0,0,0,0,0,0,0,0,0,0,0,0,0.14,0,0,0,0,0,0,0,0,0,0,0,0,0,0
"bin_s28.mxb31",0,0,1,1,0.5,0.5,0,0,0,0,0.5,0,0,0,0,0,0,0,0,0,0,0,0.33,0,0,0,0,0,0,0,0,0,0,0,0,0,0,0,0,0,0,0,0,0,0,0,0,0,0,0,0,0,0,0,0,0,0,0,0,0,0,0,0,0,0,0,0,0,1,0,0,0,0,0,0,0,0,0,0.2,0,0,0,0,0,0,0,0.33,0,0,0,0,0,0,0.12,0.1,0,0,0.33,0,0,0,0,0,0,0,0,0,0.4,0.17,0,0,0,0,0,0,0,0,0,0,0,0,0,0,0,0,0,0,0,0,0,0,0,0,0,0,0,0,0,0,0,0,0,0,0,0,0,0,0,0,0,0,0,0,0,0,0,0,0,0,0,0,0,0,0,0,0,0,0,0,0,0,0,0,0,0,0,0,0,0,0,0,0,0,0,0,0,0,0,0,0,0,0,0,0,0,0,0,0,0,0,0,0,0,0,0,0,0,0,0,0,0,0,0,0,0,0,0,0,0,0,0,0,0,0,0,0,0,0,0,0,0,0,0,0,0,0,0,0,0,0,0,0,0,0,0,0,0,0,0,0,0,0,0,0,0,0,0,0,0,0,0,0,0,0,0,0,0,0,0,0,0,0,0,0,0,0,0,0,0,0,0,0,0,0,0,0,0,0,0,0,0,0,0,0,0,0,0,0,0,0
"bin_s28.vmb7",1,1,1,0.5,1,1,0.33,1,1,0,0.5,0.86,0.75,1,0.8,1,0.67,0.56,1,0.71,0,0,1,0.57,1,0,0,0.83,0.83,0.5,0.5,0.33,0,0,0.17,1,0,0.8,0,0,0.4,0.5,0.5,0,1,0,0.33,1,1,0.57,0.67,0.2,0.14,0,0,0.14,0.14,0.25,0.67,0.2,0,0,0,0,0,0.33,0,1,0,0,0.42,0.47,0,0.15,0,0.21,0.42,0.47,0.8,0,0,0.25,0.15,0,0.21,0,1,0.57,0,0.42,0.33,0,0.09,0.12,0.1,0,0,0.33,0,0,0,0,0,0.33,0.25,0.2,0.2,0.8,0.17,0.14,0.08,0.14,0,0,0.11,0,0,0,0,0,1,1,0.86,0.78,1,0,0,0,0,0,0,0,0.17,0,0,0,0,0,0,0,0,0,0,0,0,0,0,0,0,0,0,0,0,0,0,0,0.2,0.2,0.07,0.31,0.43,0.58,0.12,0.86,0.33,0.21,0.23,0.25,0.38,0.86,0.5,0.25,0.67,0,0,0,0.5,0.5,0,0,0,0,0,0,0,0,0,0,0.75,0.5,0.67,0.04,0,0,0.08,0.33,0,0,0,1,1,0,0,0,0,0,0,0,0,0,0,0,0,0,0.04,0.5,0.33,0,0.5,0,0.25,0,0,1,0.2,0,0,0,0,0,0,0,0,0,0,0,0,0,0,0,0,0,0,0.67,1,0,0,0,0,0,0.33,0,0,0,0,0,0,0,0.5,0,0,0,0,0,0.16,0,0,0,0,0,0,0,0,0,0,0,0,0,0,0,0,0,0,0,0,0.14,0,0,0,1,0,0,0,0,0,1,1,0,0,0
"bin_s3.mtb7",0.12,0,1,0.5,0.75,0.75,0,0,1,0,0.5,0,0,0,0,0,0,0,0,0,0,0,0.33,0,0,0,1,0,0,0,0,0,0,0,0,0,0,0,0,0,0,0,0,0,1,0,0.33,0.5,0.67,0.14,0.67,0.2,0,0,0,0,0,0.5,0.33,0,0,0.17,0.5,0.5,0,0,0,1,0,1,0.1,0.17,0,0.08,0.08,0,0.1,0.17,0.2,0,0,0.25,0.08,0.08,0,0,0.33,0,0,0.1,0,0,0,0.12,0.1,0,0,0.33,0,0,0,0.17,0,0,0,0,0,0.6,0.17,1,0.54,0.71,0,0,0,0,0,0,0,0,0,0,0,0,0,0.33,0.33,0,0,0,0,0,0,0,0,0,0,0,0,0,0,0,0,0,0,0,0,0,0,0,0,0,0,0,0,0,0,0,0,0,0.43,0,0.06,0.14,0.17,0.07,0,0,0,0,0,0,0,0,0,0,0,0,0,0,0,0,0,0,0,0,0,0,0.25,0,0.33,0,0,0,0.08,0,0,0,0,1,0,0,0,0,0.14,0.33,0,0,0.06,0,0,0,0,0,0.04,0,0.33,0.33,0,0,0,0,0,0,0,0,0,1,0,0,0,0,0,0,0,0,0,0,0,0,0,0,0,0.67,1,0.2,0,0,0,0,0,0,0,0,0,0,0,0,1,0.33,0.5,0,0,0.5,0.5,0,0.25,0,0,0,0,0,0,0,0,0,0.27,0,0,0,0,0,0,0,0,0.14,0,0,0,0,0,0,0,0,0,0,1,0,0,0
"bin_s31.cct37_sub",0.88,0.67,0,1,1,0.75,1,1,1,0,0.33,0.71,1,1,1,1,0.89,0.67,0.83,0.86,0,0,1,0.43,1,1,0.25,0.78,0.92,1,0.75,1,0.25,0.33,0.17,0.75,0,0.6,1,0,0.4,0,0,0,0.5,0,0.33,0.5,0.33,0.29,0.33,0.2,0.14,0.17,0.14,0.14,0.14,0.25,0.67,0.6,0,0.17,0,0,0,0.33,0,0,1,0,0.96,0.93,0.33,0.42,0.13,0.29,0.96,0.93,0.6,0.6,0.75,0,0.42,0.13,0.29,0,1,0.43,0,0.96,1,1,0.45,0.62,0.53,0.67,0,1,0.33,1,1,0.83,0,0.67,0.5,0.4,0.6,0.95,0.33,0.09,0,0.71,0,0,0.11,0,0,0.44,0,0,1,1,0.86,0.78,1,0,0,0,0,0.25,0.25,0,0.17,0,0,0,0,0,0,0,0,0,0,0,0,0,0.14,0,0,0,0,0,0,0.5,0.67,0.75,0.67,0.8,0.07,0.08,0,0.75,0,0,0,0.14,0.15,0.12,0,0.14,0,0,0,0,0,0,0,0,0,0,0.2,0.17,0.2,0,0,0,0,0,0.25,0,0,0.16,0.13,0.35,0.58,0,0,0.06,0,0,1,0,0.5,0,0.29,0.33,0.5,0.5,0.89,0.14,0.2,0,0.17,0.14,0.32,0,0.33,0,0,0,0.25,0,1,1,0.2,0,0,0.25,0,0,0,0,0,0.5,0,0.5,0,0,0,1,0,0.33,0.33,0,0,0,0,0,0,0,0,0,0,0,0,0,1,1,0,0,1,0,0,0,0.16,0,0,0,0.67,0,0.67,0,0.16,0,0,1,0,0,0,0,0,0.17,0,0,0,0.14,0,0,0,0,0,0,1,0,0,0,0,1,0,0
"bin_s34.cct25",1,0.89,1,1,1,1,1,1,1,0,0.5,0.86,1,1,1,1,1,0.67,1,0.86,0,0,1,0.71,1,0,1,1,1,1,1,0.67,0.5,0,0,1,0,1,1,0,0.4,1,0.5,0,1,0,0.33,0.5,0.67,0.29,0.67,0.2,0.14,0,0,0.14,0.14,0.5,0.67,0.4,0,0.33,0,0,1,0.67,0,0,1,1,1,1,0.67,0.38,0.23,0.14,1,1,0.8,0.2,1,0.75,0.38,0.23,0.14,0.17,1,0.71,0,1,1,0.8,0.27,1,1,1,1,1,0.67,1,1,1,0,1,0.75,0.6,0.8,1,0.33,0.09,0,0.14,0,0.57,1,0,0,1,0,0.5,1,1,0.86,0.78,1,0,0,0,0,0,0,0,0.17,0,0,0,0,0,0,0,0,0,0,0,0,0,0.14,0,0,0,0,0,0,0,0,1,0.73,1,0.07,0.08,0.29,0.75,0,0,0,0.14,0.15,0.12,0,0.14,0,0,0.33,0,0.5,0,1,0.5,0,0,0,0.17,0,0,0,0,0,0,0.5,0,0,0,0,0,0.08,0,0,0,0,1,1,0,0.5,1,0.14,0.67,0.33,0.5,0.39,0.14,0.2,0,0.17,0.14,0.32,1,0.33,0,0.5,0,0.5,0,0,1,0.2,0,1,1,0.14,1,0,0,0,0.5,0,0.75,0,1,0,0,0,0,0.33,1,1,0.6,0.67,0.75,0.25,0,0,0,0,0,0,0,1,0,1,0.67,1,0,0,0,0.5,0,0.5,0,0,0,0,0,0,0,0,0,0,0,0,0,0,0,0,0,0,1,0,0,0,0,0,1,0,0,0,1,0,1,0,0
"bin_s34.cct27",0.12,0,1,0,0.75,0.5,0,0,0,0,0.33,0,0.25,0,0.2,0,0,0,0,0,0,0,0.33,0,0,0,0,0.06,0,0,0,0,0,0,0,0,0,0,0,0,0,0,0,0,0.5,0,0.11,0.5,0.67,0.14,0.33,0,0,0,0,0,0,0.25,0.33,0,0,0,0,0,0,0,0,0,0,0,0,0,0,0,0,0,0,0,0.2,0,0,0,0,0,0,0,0.33,0,0,0,0,0,0,0.12,0.1,0,0,0.25,0.33,0.16,0,0,0,0.33,0.25,0.2,0.2,0,0,0,0,0,0,0,0,0,0,0,0,0,0,0,0,0,0,0,0,0,0,0,0,0,0,0,0,0,0,0,0,0,0,0,0,0,0,0,0,0,0,0,0,0,0,0,0,0,0,0,0.07,0.15,0.29,0.42,0.06,0,0.33,0.29,0.23,0.25,0,0.14,0,0,0,0,0,0,0.5,0.5,0,0,0,0,0,0,0,0,0,0,0.25,0.5,0.67,0,0,0,0.08,0,0,0,0,1,0,0,0,0,0.14,0.33,0.17,0.5,0.17,0,0,0,0,0,0,0,0,0,0,0,0,0,0,0,0,0,0,0,0,0,0,0,0,0,0,0,0,0,0,0,0,0,0,0.67,1,0,0,0,0.25,0,0,0,0,0,0,0,0,0,0,0,0,0,0,0,0.16,0,0,0,0,0,0,0,0,0,0,0,0,0,0,0,0,0,0,0,0,0,0,0,0,0,0,0,0,0,0,1,0,0,0,0
"bin_s34.cct50",1,0.94,1,1,1,1,1,1,1,0.5,0.17,0.86,1,1,1,1,1,0.67,0.83,0.86,0,0,1,0.57,1,0,1,0.92,1,0.5,0.25,0.67,0.25,1,0.33,1,0,0.8,1,0,0.4,0.5,1,0,0.5,0,0.22,0.5,0.33,0.29,0.67,0.4,0.43,0,0.29,0.43,0.43,0.5,0.67,0.6,0.5,0.33,0.5,0.5,0,0.33,0,0,1,0,1,1,1,0.31,0.23,0.29,1,1,0.8,0,1,0,0.31,0.23,0.29,0,1,0.57,0,1,1,1,0.36,0.25,0.4,0.33,1,1,0.67,0.84,0.75,0.67,0,0.67,0.5,0.4,0.6,1,0.5,0.09,0.15,0.29,0,0.04,0.22,0,0,0.56,0,0,1,1,0.86,0.78,1,0,0,0,0,0,0,0,0.17,0,0,0,0,0,0,0,0,0,0,0,0,0,0.14,0,0,0,0,0,0,0,0,1,0.67,0.8,0.07,0.08,0,0.42,0,0,0,0.14,0.15,0.12,0,0.14,0,0,0.33,0,0.5,0,0.5,0,1,0.5,0,0.33,0,0,0,0,0,0,0.5,0,0,0,0,0,0.08,0,0,0,0,1,1,0,0.5,0,0.43,0.67,0.33,0.5,1,0.14,0.2,0,0.17,0.14,0.36,0.5,0.33,0.33,1,0,0.25,0,1,0.5,0.4,0,1,1,0.14,0,1,0,0.5,0.5,0.17,0,0.25,0,0,0,1,0.67,1,0.67,1,0.6,0.67,1,0.75,0.33,0,0,0,0,0.5,0,1,1,0.5,1,1,0,0,0,0.5,0,0.75,0,0,0,0,0,0,0,0,0,0.2,0,0,0,0,0.04,0.25,0,0.33,0.49,0,0,0,0,0,0,0,0,0,1,0,1,0,0
"bin_s34.cct52",1,0.94,1,1,1,1,0.33,1,1,0,0.67,0.86,1,1,1,1,0.78,1,1,0.86,0,0,1,0.57,1,0,0.25,1,1,0.5,0.5,0,0,0.33,0.17,1,0,0.8,0.5,0,0.4,1,0.5,0,0,0,0.11,0,0,0.29,0,0.2,0.29,0,0.14,0.29,0.29,0.25,0.33,0.4,0,0,0,0,0,0,0,1,0,0,0.79,0.87,1,0.23,0.33,0.36,0.79,0.87,0.8,0,0.25,0,0.23,0.33,0.36,0,1,0.57,0,0.79,0.67,0.8,0.27,0.5,0.6,0.33,1,1,0,1,1,0,1,0.33,0.25,0.2,0.2,1,0.33,1,0.54,0.86,0,0.29,0.78,0,0,0.11,0,0.5,1,1,0.71,0.78,1,0,0,0,0,0,0,0,0.17,0,0,0,0,0,0,0,0,0,0,0,0,0,0.14,0,0,0,0,0,0,0,0,1,0.67,0.8,0.07,0.08,0,0.42,0,0,0,0.14,0.15,0.12,0,0.14,0,0,0.33,0,0,0,0,0,0,0,0,0.17,0,0,0,0,0,0,0,0.5,0.67,0,0,0,0.08,0,0,0,0,1,1,0,0.5,0,0.43,0.67,0.33,0.5,0.39,0.43,0.2,0,0.5,0.43,0.44,1,0.33,0,0.5,0,1,0,1,0,0.4,0,1,0.25,0.14,0,0.5,0,0.25,1,0.17,0,0,0,0,0,0,0,0.33,0.67,1,0,0,0,0,0,0.33,0,0,0,0.5,1,0,1,0.5,0.33,1,0,0,0,0.5,0,0.5,0,0,0,0,0,0,0,0,0,0.47,0,0,0,0,0,0,0,0,0.14,0.17,0,0,0,0,0,0,0,0,1,1,0,0,0
"bin_s34.mtb22_sub",0,0,1,0.5,0.5,0.5,0,0,0,0,0.33,0,0,0,0,0,0,0,0,0,0,0,0.33,0,0,0,0,0,0,0,0,0,0,0,0,0,0,0,0,0,0,0,0,0,0.5,0,0.11,0.5,0.33,0,0.33,0,0,0,0,0,0,0.25,0.33,0,0,0,0,0,0,0,0,0,1,0,0,0,0,0,0,0,0,0,0.2,0,0,0,0,0,0,0,0.33,0,0,0,0,0,0,0.12,0.1,0,0,0.33,0,0,0.25,0,0,0,0,0,0,0.4,0.17,0,0,0,0,0,0,0,0,0,0,0,0,0,0,0,0,0,0,0,0,0,0,0,0,0,0,0,0,0,0,0,0,0,0,0,0,0,0,0,0,0,0,0,0,0,0,0,0,0,0,0,0,0,0,0,0,0,0,0,0,0,0,0,0,0,0,0,0,0,0,0,0,0,0,0,0,0,0,0,0.25,0,0,0,0,0,0,0,0,0,0,0,0,0,0,0,0,0,0,0,0,0,0,0,0,0,0,0,0,0,0,0,0,0,0,0,0,0,0,0,0,0,0,0,0,0,0,0,0,0,0,0,0,0,0,0,0,0,0,0,0,0,0,0,0,0,0.5,0,0,0,0,0.33,0,0,0,0,0.16,0,0.25,0,0,0,0,0,0,0,0,0,0,0,0,0,0,0,0,0,0,0,0,0,0,0,0,0,0,0,0,0,0,0,0,0
"bin_s34.mxb8",0.12,0,1,0.5,0.5,0.25,0,0,0,0,0.33,0,0,0,0,0,0,0,0,0,0,0,0.33,0,0,0,0,0,0,0,0,0,0,0,0,0,0,0,0,0,0,0,0,0,0.5,0,0.11,0.5,0.33,0,0.33,0,0,0,0,0,0,0.25,0.33,0,0,0,0,0,0,0,0,0,0,0,0.06,0.1,0,0,0,0,0.06,0.1,0.2,0,0,0,0,0,0,0,0.33,0,0,0.06,0,0,0,0.12,0.1,0,0,0.33,0,0,0,0,0,0,0,0,0,0.2,0,0,0,0,0,0,0,0,0,0,0,0,0,0,0,0,0,0,0,0,0,0,0,0,0,0,0,0,0,0,0,0,0,0,0,0,0,0,0,0,0,0,0,0,0,0,0,0,0,0,0,0,0,0,0,0,0,0,0,0,0,0,0,0,0,0,0,0,0,0,0,0,0,0,0,0,0,0,0,0,0,0,0,0,0,0,0,0,0,0,0,0,0,0,0,0,0,0,0,0,0.06,0,0,0,0,0,0,0,0,0,0,0,0,0,0,0,0,0,0,0,0,0,0,0,0,0,0,0,0,0,0,0,0,0,0,0,0,0,0,0,0,0,0,0,0,0,0,0,0,0,0,0,0,0,0,0,0.16,0,0,0,0,0,0,0,0,0,0,0,0,0,0,0,0,0,0,0,0,0,0,0,0,0,0,0,0,0,0,0,0,0,0,0
"bin_s35.cct57_sub",0.12,0.39,1,0,0.5,0.25,0.33,0.4,1,0,0.5,0.43,0.25,0,0.4,0,0.56,0.78,0.67,0.71,0,0,0.33,0,0.5,0,0,0.06,0,0.25,0.25,0,0,0,0,0,0,0,0,0,0.4,1,0,0,1,0,0.22,0.5,1,0.29,0.67,0,0,0,0,0,0,0.25,0.67,0,0,0,0,0,0,0,0,1,1,0,0,0,0,0,0.06,0,0,0,0.2,0,0,0,0,0.06,0,0,0.33,0,0,0,0,0,0,0.12,0,0,0,0.33,0,0,0,0,0,0.33,0.25,0.2,0.2,0.8,0.33,0.09,0.08,0.14,0,0,0,0,0,0.22,0,0,1,1,0.71,0.78,1,0,0,0,0,0,0,0,0.17,0,0,0,0,0,0,0,0,0,0,0,0,0,0,0,0,0,0,0,0,0,0,0,0,0,0.11,0.31,0.43,0.75,0.12,0.86,0.83,0.21,0.23,0.25,0.62,0.14,0.83,0.5,0.33,0,0.5,0.5,0.5,0.5,0,0,0,0,0,0.75,0.25,0.25,0,0,0.5,0,0.33,0,0,0,0.08,0,0,0,0,1,1,0,0,0,0,0,0,0,0,0,0,0,0,0,0,1,0.33,0,0,0,1,0,0,0,0,0,0,0,0.14,0,0,0,0,0,0,0,0,0,0,0,0,0,0,0.67,1,0,0,0,0.25,0,0.33,0,0,0,0,0,0,0,0,0,1,0,0,0,0.16,0.5,0,0,0,0,0,0,0,0,0,0,0,0,0,0,0,0,0,0,0,0,0,0,0,0,0,0,0,1,0,1,1,0,1,0
"bin_s36.mtb18",1,0.94,1,1,1,1,0,0,1,0,0.5,0.14,0.25,0,0.4,0,0.11,0,0,0,0,0,0.33,0,1,0,0,0,0,0,0,0,0,0,0,0,0,0,0,0,0,0,0,0,1,0,0.33,1,1,0.29,0.67,0.2,0,0,0,0,0,0.5,0.67,0,0,0,0,0,0,0,0,1,0,0,0.1,0.17,0.33,0.08,0.08,0,0.1,0.17,0.2,0,0,0.25,0.08,0.08,0,0,0.33,0,0,0.1,0,0,0,0.12,0.1,0,0,0.33,0,0.16,0,0,0,0,0,0,0,0.8,0.17,0,0,0,0,0.5,0.78,0,0,0.11,0,0,0,0.8,0.71,0.44,0,0,0,0,0,0,0,0,0,0,0,0,0,0,0,0,0,0,0,0,0,0,0.14,0,0,0,0,0,0,0,0,0,0,0,0.07,0.15,0.43,0.42,0.31,0.14,0.83,0.21,0.15,0.25,0.25,0.14,0,0.25,0.33,0,0,0,1,0.5,0,0,0,0,0,0,0,0,0,0,0.75,0,0.33,0.04,0,0,0.08,0.33,0,0,0,1,1,0,0,0,0.29,0.67,0.17,0.5,0.22,0,0,0,0,0,0.04,0,0,0,0,0,0,0,0,0,0,0,1,0,0,0,0,0,0,0,0,0,0,0,0,0,0,0,0,0.67,1,0,0,0,0,0,0,0,0,0,0,0,0,0,1,0.33,0.5,0,0,0,0.5,0,0.25,0,0,0,0,0,0,0,0,0,0.27,0,0,0,0,0,0,0,0,0,0,0,0,1,0,0,0,1,0,1,1,0,1,0
"bin_s36.mxb13",1,0.89,1,1,1,1,1,1,1,0,0.5,1,1,1,1,1,1,0.67,1,0.86,0,0,1,0.71,1,0,0,1,1,1,1,0.67,0,0.67,0,1,0,1,0,0,0.4,1,0,0,1,0,0.44,0.5,1,0.43,1,0.4,0.29,0.17,0.14,0.29,0.29,0.5,0.67,0.4,0,0.33,0,0,0,0.67,0,0,1,1,0.88,0.8,0.67,0.38,0.23,0.14,0.88,0.8,0.6,0.2,1,0.75,0.38,0.23,0.14,0,1,0.71,0,0.88,1,0.4,0.45,1,1,1,1,1,0.33,0.84,0.75,1,0,1,0.75,0.6,0.8,1,0.33,1,0.54,1,0,0.57,1,0,0,1,0,0.5,1,1,0.86,0.78,1,0,0,0,0,0,0,0,0.17,0,0,0,0,0,0,0,0,0,0,0,0,0,0.14,0,0,0,0,0,0,0,0,1,0.73,0.6,0.07,0.15,0,0.75,0.06,0,0.83,0.21,0.15,0.25,0,0.14,0,0.25,0,0,0.5,0.25,1,0.5,0.5,0.5,0,0.17,0,0.25,0,0,0,0,1,0.5,0,0.04,0,0,0.08,0.33,0,0,0,1,1,0,0.5,1,0.14,0.67,0.33,0.5,0.22,0.14,0.2,0,0.17,0.14,0.32,1,0.33,0,0,0,0.5,0,0,1,0.2,0.5,1,0,0,1,0,0,0,0.5,0.17,1,0.25,0,0,0,1,0,0,0.67,1,0,0,0,0.25,0,0,0,0,0,0.5,0,1,1,1,1,1,0.5,0,0.5,0.5,0,0.75,0,0.33,0,0.33,0,0,0,0,0,0.07,0,0,0,0,0,0,0,0,0,0,0,0,0,0,1,0,0,0,1,0,1,0,0
"bin_s36.vmb0",1,0.94,1,1,1,1,0.33,1,1,0.5,0.33,0.86,1,1,1,1,0.78,0.56,1,0.86,0,0,0.67,0.43,0.5,0,1,1,0.67,0.5,0.5,0,0,0,0.17,0.25,0,0.4,0,0,0.2,0.5,0,0,0,0,0.11,0,0,0.14,0,0.2,0,0,0.14,0,0,0.25,0.33,0.6,0,0.17,0,0,0,0.33,0,0,1,1,0.97,0.95,0.33,0.31,0.38,0.29,0.97,0.95,0.4,0.6,0.75,0,0.31,0.38,0.29,0,0.67,0.43,0,0.97,1,0.6,0.36,0.88,0.67,0.83,0.5,1,0,1,1,0.5,0,0.67,0.5,0.4,0.6,0.9,0.33,0.09,0.08,0.43,0,0.32,0.56,0,0,0.11,0,0,1,1,0.71,0.78,1,0.33,0.33,0,0,0,0,0,0.17,0,0,0,0,0,0,0,0,0,0,0,0,0,0.14,0,0,0,0,0,0,0,0,0.75,0.47,0.6,0.07,0.08,0,0.42,0,0,0,0.14,0.15,0.12,0,0.14,0,0,0,0,0,0,0.5,0.5,0,0,0,0,0,0,0,0,0,0,0.25,0,0,0,0,0,0.08,0,0.33,0.01,0,1,1,0,0.5,0,0.14,0.67,0.33,0.5,0.7,0.14,0.2,0,0.17,0.14,0.28,0.5,0,0,0,0,0.25,0,0,1,0,0,0,1,0.57,0,0,0,0,0.5,0,0,0.5,0,0,0,1,0,0,0.33,0.5,0,0,0,0.25,0,0,0,0,0,0,0,1,0,0.5,0.67,0,0,0,0,0.5,0,0.5,0,0,0,0,0,0,0,0,0,0,0,0,0,0,0,0,0,0,0.31,0,0,0,0,1,0,0,0,0,1,0,1,0,0
"bin_s4.cct33",0,0,1,0.5,0.25,0.25,0,0,0,0,0.33,0,0,0,0,0,0,0,0,0,0,0,0.33,0,0,0,0,0,0,0,0,0,0,0,0,0,0,0,0,0,0,0,0,0,0,0,0,0,0,0,0,0,0,0,0,0,0,0,0,0,0,0,0,0,0,0,0,0,0,0,0,0,0,0,0,0,0,0,0.2,0,0,0,0,0,0,0,0.33,0,0,0,0,0,0,0.12,0.1,0,0,0.33,0,0,0,0,0,0,0,0,0,0.2,0,0,0,0,0,0,0,0,0,0,0,0,0,0,0,0,0,0,0,0,0,0,0,0,0,0,0,0,0,0,0,0,0,0,0,0,0,0,0,0,0,0,0,0,0,0,0,0,0,0,0,0,0,0,0,0,0,0,0,0,0,0,0,0,0,0,0,0,0,0,0,0,0,0,0,0,0,0,0,0,0,0,0,0,0,0,0,0,0,0,0,0,0,0,0,0,0,0,0,0,0,0,0,0,0,0,0,0,0,0,0,0,0,0,0,0,0,0,0,0,0,0,0,0,0,0,0,0,0,0,0,0,0,0,0,0,0,0,0,0,0,0,0,0,0,0,0,0,0,0,0,0,0,0,0,0,0,0,0,0,0,0,0,0,0,0,0,0,0,0,0,0,0,0,0,0,0,0,0,0,0,0,0,0,0,0,0,0,0,0,0,0
"bin_s4.vmb27",1,0.94,0,0.5,0.5,0.75,0,0.6,1,0,0.5,0.43,0.25,0,0.4,0,0.67,0.89,0.83,0.86,0,0,0,0,0.5,0,0,0.06,0,0,0,0,0,0,0,0,0,0,0,0,0.4,1,0,0,1,0,0.22,0.5,1,0.14,0.67,0,0,0,0,0,0,0.5,0.67,0.2,0,0,0,0,0,0,0,1,0,0,0.38,0.2,0,0.08,0,0.14,0.38,0.2,0,0,0,0,0.08,0,0.14,0,0,0,0,0.38,0.67,0,0,0.38,0.5,0.33,1,0.33,0,0.16,0,0,1,0,0,0,0,1,0.33,0,0,0,0.25,0,0,0,0,0,0,0,1,1,0.86,0.78,1,0,0,0,0,0,0,0,0.17,0,0,0,0,0,0,0,0,0,0,0,0,0,0,0,0,0,0,0,0,0,0,0,0,0,0.15,0.38,0.57,0.42,0.44,0.86,1,0.29,0.23,0.25,0,0.86,0.5,0,0.67,0,0,0,0,0,0,0,0,0,0,0,0,0,0,0,0.75,0,0,0,0,0,0.08,0,0,0,0,1,1,0,0,0,0.29,0.67,0.17,0.5,0.17,0,0,0,0,0,0,1,0.33,0,0,0,1,0,0,0,0,0,0,0,0,0,0,0,0,0,0,0,0,0,0,0,0,0,0,0.67,1,0,0,0,0,0,0.33,0,0,0,0,0,0,0,1,0.33,0.5,0,0,0,0.5,0.5,0.25,0,0,0,0,0,0,0,0,0,0,0,0,0,0,0,0,0,0,0,0,0,0,0,0,0,0,0,0,1,1,0,0,0
"bin_s4.vmb43",1,0.94,1,0,0.75,0.75,0.67,1,1,0,0.33,0.71,1,1,0.8,1,0.67,0.56,0.83,0.71,0,0,1,0.57,1,0,0,1,0,0.5,0.5,0,0,0.33,0,1,0,0.8,0,0,0.4,1,0,0,1,0,0.22,0.5,1,0.29,0.67,0,0.14,0,0,0.14,0.14,0.5,0.33,0,0,0,0,0,0,0.33,0,0,0,0,0.04,0.07,0,0.08,0.08,0.14,0.04,0.07,0.6,0,0,0.25,0.08,0.08,0.14,0,1,0.57,0,0.04,0,0,0,0.12,0.1,0,0,0.33,0,0.16,0,0.17,0,0.5,0.5,0.4,0.4,0.2,0,1,0.62,0.86,0,0,0.11,0,0,0,0,0,1,1,0.86,0.78,1,0,0,0,0,0,0,0,0.17,0,0,0,0,0,0,0,0,0,0,0,0,0,0,0,0,0,0,0,0,0.5,0.33,0,0,0,0.19,0.46,0.43,0.67,0.25,0.86,0.83,0.43,0.38,0.38,0.38,0.14,0.67,0,0,0,0,0,0.5,0.5,1,0.5,0,0,0,0,0,0.75,0,0,0,0,0,0,0,0,0.08,0,0,0,0,1,0,0,0,0,0.14,0.67,0.17,0.5,0.17,0,0,0,0,0,0,1,0.33,0,0,0,0.75,0,0,1,0.2,0,0,0,0,0,0,0,0,0,0,0,0,0,0,0,1,0,0,0.67,1,0,0,0,0.25,0,0.33,0,0,0,0,0,0,0,1,0.33,0.5,0,0,0,0.5,0,0.25,0,0,0,0,0,0,0,0,0,0,0,0,0,0,0,0,0,0,0,0,0,0,1,0,0,0,1,0,1,1,0,1,0
"bin_s5.cct76",1,0.94,1,1,1,1,0.33,1,1,0,0.5,0.86,1,1,1,1,0.78,0.67,1,0.71,0,0,1,0.57,1,0,1,1,0.83,0.5,0.5,0,0,0,0.17,1,0,0.8,0,0,0.4,0,0.5,0,0,0,0.11,0,0,0.29,0,0.2,0.29,0,0.14,0.29,0.29,0.25,0.33,0.6,0,0,0,0,0,0,0,1,0,0,1,1,0,0.31,0.38,0.36,1,1,0.8,0,0.75,0,0.31,0.38,0.36,0,1,0.57,0,1,1,1,0.36,0.44,0.55,0.33,1,1,0,0.34,0.25,0,1,0.33,0.25,0.2,0.2,0.8,0.33,0.18,0.08,0.71,0,0.43,0.89,0,0,0.11,0,0.5,1,1,0.86,0.78,1,0,0,0,0,0,0,0,0.17,0,0,0,0,0,0,0,0,0,0,0,0,0,0.14,0,0,0,0,0,0,0,0,1,0.67,0.8,0,0,0,0,0,0,0,0,0,0,0,0,0,0,0.33,0,0,0,0,0,0,0,0,0.17,0,0,0,0,0,0,0.25,0,0,0,0,0,0.08,0,0,0,0,1,1,0,0.5,0,0.29,0.67,0.33,0.5,0.39,0,0,0,0,0,0.04,0,0,0,0.5,0,0,0,1,0,0.4,0,0,1,0,0,0,0,0,0,0,0,0,0,0,0,0,0,0.33,0.67,1,0,0,0,0,0,0.33,0,0,0,0,0,0,0,0.5,0.33,1,0,0,0,0.5,0,0.5,0,0,0,0,0,0,0,0,0,0.47,0,0,0,0,0,0,0,0,0.14,0.17,0,0,1,0,0,0,1,0,1,1,0,1,0
"bin_s6.cct39",1,0.89,1,1,1,0.75,1,1,1,0,0.33,1,1,0.75,1,0.83,0.89,0.56,0.83,0.71,0,0,1,0.71,1,0,0.5,1,0.92,1,1,0.67,0.5,0.33,0.17,1,0,1,0.5,0,0.4,1,0,0,1,0,0.33,0.5,0.67,0.29,0.67,0.6,0.14,0,0,0.14,0.14,0.75,0.67,0.6,0,0.17,0.5,0.5,0,0,0,0,0,1,0.97,0.95,0.67,0.46,0.31,0.29,0.97,0.95,0.6,0.4,1,0,0.46,0.31,0.29,0,1,0.71,0,0.97,1,1,0.36,0.88,0.93,1,1,1,0,1,1,0.67,0,0.67,0.5,0.4,0.6,1,0.5,0.09,0,0,0,0.14,0.22,0,0,0.78,0.17,1,1,1,0.86,0.78,1,0,0,0,0,0,0,0,0.17,0,0,0,0,0,0,0,0,0,0,0,0,0,0.14,0,0,0,0,0,0,0,0,1,0.67,0.8,0.07,0.08,0,0.75,0,0,0,0.14,0.15,0.12,0,0.14,0,0,0,0,0,0,0,0,0,0,0,0.17,0,0,0,0,0,0,0.25,0,0,0,0,0,0.08,0,0,0,0,1,1,0,0,1,0.29,0.67,0.33,0.5,0.86,0.43,0.2,0,0.33,0.43,0.52,1,0.33,0.33,0,0,0.5,0,0,0.5,0.2,0,0,0.5,0,0,1,0,0,1,0.17,0.5,0.5,0,0,0,0,0,0.33,0.33,0.5,0.2,0.33,0.25,0.25,0,0,0,0,0.5,0,0,1,1,1,0.67,0,0,0,0,0.5,0,0.5,0,0.33,0,0.33,0,0,0,0,0.25,0.67,0,0,0,0,0,0,0,0,0.49,0.5,0,0,0,0,1,0,0,0,1,0,1,0,0
"bin_s6.mtb27",0.42,0.17,1,0.5,0,0.25,0.33,0,0,0,0,0.14,0.75,0.75,0.8,0.5,0.33,0.33,0.33,0.43,0,0,0,0.14,0,0,0.5,0,0,0.25,0.5,0.33,0,0,0,0.25,0,0.2,0.5,0,0,1,0,0,0,0,0.11,0,0,0.14,0,0.2,0.29,0,0.14,0.29,0.29,0,0.33,0.2,0,0.17,0,0,0,0,0,0,0,0,0.25,0.4,0.33,0.12,0.15,0.07,0.25,0.4,0,0,0,0,0.12,0.15,0.07,0,0,0.14,0,0.25,0,0.4,0,0.25,0.2,0.33,0,0.25,0.33,0.16,0,0.33,0,0.33,0.25,0.2,0.4,0.4,0,0.05,0.08,0,0,0.21,0.44,0,0,0,0,0.5,1,0.6,0.57,0.33,0.33,0,0,0,0,0.25,0.25,0,0.17,0,0,0,0,0,0,0,0,0,0,0,0,0,0.14,0,0,0,0,0,0,0,0,0.38,0.2,0.6,0.07,0.08,0,0.42,0,0,0,0.14,0.15,0.12,0,0.14,0,0,0,0,0,0,0,0,0,0,0,0.17,0,0,0,0.5,0,0,0,0,0,0.04,0,0,0.08,0.33,0,0,0,1,1,0,0.5,0,0.14,0.33,0.17,0.5,0.64,0.14,0.2,0,0.17,0.14,0.28,1,0.67,0,0,0,0.75,0,1,0,0.4,0,0,0.5,0.14,0,0,0,0,0.5,0,0.16,0.5,0,0,0,0,0.67,0.33,0,0,0,0.33,0.25,0.5,0.33,0,0,0,0,0,0,0,0,0,0,0.5,0,0,0,0,0,0,0,0,0,0,0,0,0,0,0.25,0.2,0,0,0,0,0,0,0,0,0.34,0.17,0,0,0,0,0,0,0,0,0,1,0,0,0
"bin_s6.mtb9",1,0.89,1,1,1,1,1,1,1,0,0.5,1,1,1,1,1,1,0.67,1,0.86,0,0,1,0.71,1,0,1,1,0.92,1,1,0.67,0.5,0.33,0,1,0,1,1,0,0.4,1,0,0,1,0,0.33,0.5,0.67,0.29,1,0.4,0.29,0,0.14,0.29,0.29,0.5,0.67,0.6,0.5,0.67,0,0,1,0.67,0,0,0,1,1,1,0.67,0.38,0.23,0.14,1,1,0.6,0.2,1,0.75,0.38,0.23,0.14,0.17,1,0.71,0,1,1,1,0.27,1,1,1,1,1,0.67,1,1,1,0,1,0.75,0.6,0.8,1,0.33,0.09,0,0.14,0,0.57,1,0,0,1,0,0.5,1,1,0.86,0.78,1,0,0,0,0,0,0,0,0.17,0,0,0,0,0,0,0,0,0,0,0,0,0,0.14,0,0,0,0,0,0,0,0,1,0.73,1,0.07,0.08,0,0.75,0.12,0.14,0.17,0.21,0.15,0.12,0.25,0.14,0,0.25,0.33,0,0.5,0,1,0.5,0.5,0.5,0,0.33,0,0,0,1,0,0,1,0.5,1,0,0,0,0.08,0,0,0,0,1,1,0,0.5,1,0.29,0.67,0.33,0.5,0.39,0.14,0.2,0,0.17,0.14,0.32,1,0.33,0,0,0,0.5,0,0,1,0.2,0,1,1,0.14,1,0.5,0,0,0.5,0.17,0.75,0.25,1,0,0,1,0,0.33,1,1,0.8,0.67,1,0.25,0,0.33,0,0,0,0,0,1,1,1,0.67,1,0,0,0.5,0.5,0.5,0.5,0,0,0,0,0,0,0,0,0,0,0,0,0,0,0,0,0,0,1,0.02,0,0,0,0,1,0,0,0,1,0,1,0,0
"bin_s6.vmb19",0.88,0.83,1,1,0.75,1,0.67,0.6,1,0,0.5,0.57,1,0.5,1,0.67,0.56,0.44,0.83,0.57,0,0,1,0.57,1,0,1,0.83,0.92,1,1,0.67,0.25,0,0,1,0,0.8,0,0,0.4,0,0,0,1,0,0.33,1,0.67,0,0.67,0,0.14,0.17,0.14,0.14,0.14,0.5,0.67,0.4,0,0.17,0,0,0,0,0.33,0,0,0,0.75,1,0.67,0.08,0.23,0,0.75,1,0.6,0.2,1,0,0.08,0.23,0,0,1,0.57,0,0.75,0.33,0.2,0.09,0.62,0.67,0.67,1,1,0,1,0.75,0.17,0.5,1,0.75,0.6,0.8,0.8,0.5,0,0,0.86,0,0.14,0.33,0,0,0.56,0,0,1,1,0.86,0.67,0.67,0,0,0,0,0,0,0,0.17,0,0,0,0,0,0,0,0,0,0,0,0,0,0.14,0,0,0,0,0,0,0,0,0,0,0,0.07,0.08,0,0.42,0,0,0,0.14,0.15,0.12,0,0.14,0,0,0,0,0,0,0,0,0,0,0,0,0,0,0,0,0,0,0.25,0,0,0,0,0,0.08,0,0,0,0,1,1,0,0.5,0,0.14,0.67,0.17,0.5,0.22,0.71,0.2,0,0.5,0.71,0.6,0,0,0,0,0,0.5,0,0,0.5,0.2,0,0,1,0,0,0,0,0,1,0.17,0.5,0,0.5,0,0,0,0,0,0.33,0.5,0.6,0.33,0.5,0.25,0,0,0,0,0.5,0,0,0,1,0.5,0.33,1,0.5,0,0.5,0.5,0,0.25,0,0,0,0,0,0,0,0,0,0,0,0,0,0,0,0,0,0,0,0,0,0,0,1,1,0,0,0,0,0,1,0,0
