"","D0101","D0102","D0103","D0104","D0105","D0106","D0107","D0108","D0109","D0110","D0111","D0112","D0113","D0201","D0202","D0203","D0204","D0205","D0206","D0207","D0208","D0209","D0210","D0301","D0302","D0303","D0304","D0401","D0402","D0403","D0404","D0405","D0406","D0407","D0408","D0501","D0502","D0503","D0504","D0505","D0506","D0507","D0508","D0509","D0601","D0602","D0603","D0604","D0605","D0606","D0607","D0608","D0609","D0610","D0611","D0612","D0613","D0614","D0615","D0616","D0617","D0618","D0619","D0701","D0702","D0703","D0704","D0705","D0706","D0707","D0708","D0709","D0801","D0802","D0803","D0804","D0901","D0902","D0903","D0904","D0905","D0906","D0907","D0908","D0909","D0910","D0911","D0912","B0101","B0102","B0103","B0901","B0902","B0903","B0204","B0205","B0201","B0202","B0203","B1001","B1002","B1003","B1004","B1005","B1006","B0304","B0305","B0306","B0307","B0308","B0309","B0310","B0311","B0312","B0313","B0314","B0315","B0316","B0317","B0318","B0319","B0320","B0321","B0401","B0402","B0403","B0404","B0405","B0406","B0407","B0408","B0409","B0410","B0501","B0502","B0503","B0504","B0505","B0601","B0602","B0603","B0604","B0605","B0606","B0607","B0608","B0609","B0610","B0611","B0612","B0701","B0702","B0703","B0704","B0705","B0706","B0707","B0708","B0709","B0710","B0711","B0712","B0713","B0714","B0716","B0717","B0718","B0719","B0720","B0721","B0722","B0723","B0724","B0725","B0726","B0727","B0728","B0729","B0730","B0731","B0732","B0733","B0734","B0735","B0736","B0737","B0738","B0739","B0740","B0741","B0742","B1201","B1202","B1203","B1204","B1205","B1101","B1102","B1103","B0801","B0802","B0803","B0804"
"bin_s10.cct36",0.1,0,0.1,0.43,0,0,0.1,0,0,0,0,0,0,0,0,0,0.2,0.1,0.2,0,0,0.1,0,0.5,0.6,0.2,0.5,0.16,0.13,0.35,0.58,0,0,0.06,0,0,0.1,0.1,0,0,0,0,0,0.5,0,0,0,0,0.34,0,0.25,0,0,0,0,0,0,0,0,0,0,0,0,0.1,0.43,0,0.6,0,0,0,0.1,0,0.25,0.1,0.1,0.33,0,0,0.1,1,0,0,0.1,0,0,1,0,0,0.2,0.2,0.43,0,0,0.1,0.1,0.2,0.82,0.82,0.67,0.6,0.77,0.1,0.6,0.85,0.7,1,0.9,0.7,0.67,0.48,0.7,0.1,0.77,0.53,0.7,0.4,0.74,0.77,0.1,0.33,0,0.33,0.85,0,0,0.6,0.33,0,0,0,0,0,0,0.1,0,0,0,0,0.93,0.93,0.33,1,0.67,0.5,1,0.24,0,0,0.1,0.32,0,0.03,0,0,0,0,0,0,0.25,0,0,0,0,0,0,0,0,0,0,0,0,0,0,0,0,0,0.14,0,0,0,0.33,0,0,0,0,0,0,0,0.08,0,0,0,0,0,0.4,0,0,0.25,0,0,1,0.54,1
"bin_s13.cct32",0.17,0.08,0.1,0.85,0,0.1,0.1,0.14,0.15,0.22,0,0.14,0,0,0,0,0.25,0.3,0.2,0,0,0.45,0.1,0.33,1,0.83,0.9,0.16,0.13,0.35,0.58,0,0,0.06,0,0.2,1,0.2,0.25,0,0.33,0,0.5,1,0.67,0.67,0,1,1,0.67,1,0,0,0,0,0.17,0,0,0,0.86,0.5,0,0,1,1,0,0.7,0.6,0.5,0,0.7,0,0.25,0.1,1,0.33,0,0,0.1,0,0,0,0.3,0,0,1,0,0,1,0.97,0.87,0.6,0.25,0.6,1,0.3,1,1,1,1,1,1,1,1,1,1,1,1,0.91,1,1,1,1,1,1,1,1,1,1,1,0.25,0.33,1,0,0.5,0.6,0.43,0,0,0,0,0,0,0.1,0,0,0,0,1,1,0.33,1,0.93,1,1,0.67,0,0.1,0.31,0.98,0,0.03,0,0.17,0,0,0,0,0.35,0,0,0,0,0,0,0,0,0,0.08,0,0,0,0,0,0,0,0.24,0,0,0,0.43,0,0,0,0,0,0,0,0.08,0,0,0,0,0,0.4,0,0,0,0,1,1,1,1
"bin_s13.cct72",0.1,0,0.1,0.1,0,0,0.1,0,0,0,0,0,0,0,0,0,0,0.2,0.1,0,0,0.1,0.1,0.5,0.1,0.1,0.3,0,0,0,0.08,0,0,0,0,0.6,0.6,0.6,0.25,0,0.33,0,0,1,0,0,0,0,0,0,0.1,0,0,0,0,0,0,0,0,0,0,0,0,0.1,0.2,0,1,0.26,0,0,0.2,0,0,0.1,0.2,0,1,0,0.1,0,0,0,1,1,0,0.1,0,0,0.8,0.87,0.87,0.43,0.25,0.6,0.2,0.3,1,1,1,0.87,0.63,0.3,0.7,0.95,1,0.53,0.8,1,0.77,0.55,1,0.87,0.64,0.39,1,1,0.43,1,0.2,0.45,0,0.67,1,0,0,0.2,0.43,0,0,0.5,0,0.5,0,0.1,0,0,0,0,1,1,0,1,0.27,0.1,0.7,0.1,0,0.56,0.76,0.1,0,0.03,0,0,0,0,0,0,0.25,0,0,0,0,0,0,0,0,0,0,0,0,0,0,0,0,0,0,0,0,0,0.43,0,0,0,0,0,0,0,0,0,0,0,0,0,0.2,0,0,0,0,0,0.2,1,0.77
"bin_s13.mtb14",0.21,0.31,0.39,0.77,0.12,0.14,0.83,0.21,0.23,0.25,0.25,0.86,0.17,0.75,0.33,0,0,0.6,0.1,0,0,0.75,0.67,0,0,0.2,0.3,0,0,0,0.08,0,0,0,0,1,0.1,0.1,0,0,0.33,0,0,0,0,0,0,0,0,0,0.1,0,0,0,0,0,0,0,0,0.29,0,0,0,0.1,1,0,1,0.5,0,0,0.6,0,0,0.5,0.1,0,1,0,0.1,0,0,0,1,1,0,0.1,0,0,1,0.77,0.77,0.33,0.25,0.6,1,0.1,0.52,1,0.52,1,1,1,1,1,1,0.1,1,1,0.96,1,1,1,1,1,1,0,0.11,0,0.6,0.6,0,0.17,1,0,0,0.4,0.33,0,0,0.5,0,0.5,0,0.1,0,0,0,0,1,0.33,0,0.26,0,0.33,1,0.96,0.25,0,0.1,0.1,0,0.03,0,0.17,0,0,0,0,0.25,0,0,0,0,0,0,0,0,0,0,0,0,0,0,0,0,0,0,0,0,0,0.33,0,0,0,0,0,0,0,0.08,0,0,0,0,0,0.4,0,0,0,0,0,1,1,1
"bin_s13.mtb41_sub",0.1,0,0.1,0.1,0.06,0.24,0.27,0.07,0,0.1,0,0,0,0.25,0,0,0,0.3,0.2,0,0,0.2,0.77,0,0.1,0.1,0.1,0,0,0,0,0,0,0,0,1,1,0.4,0,0,0.33,0,0,0,0,0,0,0,0,0,0.1,0,0,0,0,0,0,0,0,0,0,0,0,0.2,0.3,0,1,0.1,0,0,0.2,0,0.34,0.1,0.3,0,1,0,0.1,0,0,0,0.3,0,0,0.2,0,0,0.9,0.97,0.6,0.1,0,0.1,0.2,0.3,0.9,1,1,0.68,0.68,1,1,0.55,1,0.53,0.7,1,0.91,0.4,1,0.97,0.87,1,0.9,0.75,0.45,0.62,0.2,0.3,0,0,0.82,0,0,0.4,0.1,0,0,1,0,0.5,0,0.1,0,0,0,0,1,1,0,0.7,0.1,0.2,0.6,0.2,0,0.1,0.31,0.31,0,0,0,0,0,0,0,0,0.35,0,0,0,0,0,0,0,0,0,0,0,0,0,0,0,0,0,0.1,0,0,0,0.43,0,0,0,0,0,0,0,0,0,0,0,0,0,0.4,0,0,0,0,0,0.3,0.53,1
"bin_s13.mtb55",0.25,0.23,0.53,0.52,0.06,0.43,0.27,0.29,0.23,0.12,0.62,0.14,0.17,0,0.33,0,0.2,0.7,0.6,0,0.75,1,0.33,0,0.98,0.77,0.7,0.04,0,0,0,0.33,0.33,0.01,0,1,1,0.6,0.5,0.67,0.33,0,0,1,0.33,0.33,0,0,0,0,0.5,0,0,0,0,0,0,0,0,0.57,0.04,0,0,1,0.77,0.33,1,0.6,0,0.25,0.7,0,0.5,0.1,0.2,1,0,0,0.1,0,0,0,0.2,1,0,0.2,0,0,0.32,0.29,0.6,1,0,0.1,0.2,0.3,0.91,1,1,1,0.86,0.4,0.8,0.7,1,0.87,1,0.9,1,1,1,0.87,1,1,0.8,1,1,0.85,0.7,0.7,0.25,0.17,1,0,0.5,0.4,0.43,0,0,0.5,0,0,0,0.1,0,0,0,0,1,1,0.33,1,0.6,0.1,0.9,0.25,0,0.64,1,0.21,0,0.03,0,0.17,0,0,0,0,0.35,0.2,0,0,0,0,0,0,0,0,0,0,0,0,0,0,0,0,0.24,0,0,0,0.43,0,0,0,0.06,0,0,0,0.08,0,0,0,0,0.25,0.4,0,0.14,0,0,0.5,1,1,1
"bin_s13.mxb16",0.17,0.08,0,0.52,0,0,0,0.14,0.15,0.12,0,0.14,0,0,0,0,0,0.1,0.17,0,0,0.25,0,0,1,0.67,0.6,0,0,0,0.08,0,0,0,0,0.5,1,0.43,0.5,0.33,0.33,0,0,0,0,0,0,0,0,0,1,0,0,0,0,0,0,0,0,0.71,0.83,0,0,1,1,0,0.5,0.5,0,0,0.6,0,0.5,0,1,0,0,0,1,0,0,0,1,0,0,1,0,0,1,0.67,0.77,0.5,0,0.1,0,0,1,1,1,1,0.89,1,1,1,1,1,1,1,1,1,1,1,1,1,1,1,0.95,0.92,1,1,0.5,0.33,1,0,0,0.4,0.33,0,0,1,0,0,0,0.1,0,0,0,0,1,1,0,1,0.67,1,1,0.19,0,0.14,0.22,0.89,0,0.03,0,0.17,0,0,0,0,0.25,0,0,0,0,0,0,0,0,0,0,0,0,0,0,0,0,0,0.14,0,0,0,0.33,0,0,0,0,0,0,0,0.08,0,0,0,0,0,0.4,0,0,0,0,0.5,1,0.8,1
"bin_s13.mxb21_sub",0.25,0.15,0.1,0.68,0.06,0.14,0.27,0.29,0.15,0.12,0,0.14,0,0,0,0,0,0.7,0.1,0,0,0.35,0.1,0,0.6,0.5,0.5,0,0,0,0,0,0,0,0,0.1,0.6,0.1,0.25,0,0,0,0,0,0,0,0,0,0,0,0.17,0,0,0,0,0,0,0,0,0,0,0,0,0.1,0.2,0,0.6,0.1,0,0,0.2,0,0.5,0.1,0.2,0,0,0,0.1,0,0,0,0.2,0,0,0.2,0,0,0.3,0.29,0.53,0.1,0,0.1,0.2,0.3,0.49,0.49,0.63,0.76,0.36,0.4,0.3,0.2,0.4,0.53,0.4,0.4,0.49,0.3,0.7,0.53,0.49,0.3,0.3,0.4,0.52,0.6,0.2,0.2,0.5,0,0.2,0,0,0.2,0.1,0,0,0,0,0,0,0.1,0,0,0,0,0.8,0.45,0,0.2,0.27,0.6,0.3,0.24,0,0.46,0.64,0.21,0,0.03,0,0,0,0,0,0,0.1,0,0,0,0,0,0,0,0,0,0,0,0,0,0,0,0,0,0.24,0,0,0,0.43,0,0,0,0,0,0,0,0,0,0,0,0,0,0.2,0,0,0,0,1,0.2,0.4,0.77
"bin_s13.vmb19",0.07,0.08,0,0.75,0,0,0,0.14,0.15,0.12,0,0.14,0,0,0,0,0,0,0,0,0,0.25,0,0,0.25,0,0.2,0,0,0,0.08,0,0,0,0,0.5,1,0.6,0.25,0,0,0,0.5,0,0,0,0,0,0,0,0,0,0,0,0,0,0,0,0,0,0,0,0,1,0.5,0.33,1,0.5,0,0,0.25,0,0.5,0,1,0,0,0,0,0,0,0,0,0,0,1,0,0,1,0.67,0.67,0.33,0,0,0,0,1,1,0.88,1,0.83,1,1,1,1,0.67,0.8,1,0.71,1,1,1,1,1,1,1,0.92,0.92,1,1,0.5,0.33,1,0,0,0.6,0.33,0,0,0,0,0,0,0,0,0,0,0,1,1,0,1,0.5,1,0.8,0.86,0,0.14,0.33,0.56,0,0.03,0,0.17,0,0,0,0,0.25,0,0,0,0,0,0,0,0,0,0,0,0,0,0,0,0,0,0.14,0,0,0,0.33,0,0,0,0,0,0,0,0,0,0,0,0,0,0.4,0,0,0,0,0,1,1,1
"bin_s13.vmb53",0,0,0,0,0,0,0,0,0,0,0,0,0,0,0.33,0,0.25,0,0.17,0,0,0,0,0,1,0.67,0.8,0,0,0,0.08,0,0,0,0,0,0.5,0.1,0,0,0,0,0,0,0,0,0,0,0,0,0.07,0,0,0,0,0,0,0,0,0.29,0,0,0,1,0.5,0,1,0.5,0.5,0,0.6,0,0,0,0.1,0.33,0,0,0,0,0,0,0,1,0,0.1,0,0,0.11,0.29,0.6,0.33,0.25,0.5,0,0,1,1,1,0,0.94,1,1,0.5,1,0.43,0.4,1,0.81,1,1,1,0.83,1,1,0,0.11,0.67,0.5,0.5,0,0.17,0,0,0,0.2,0.33,0,0,1,0,0,0,0.1,0,0,0,0,1,1,0,1,0.5,1,0.8,1,0,0,0.11,0.11,0,0.03,0,0.17,0,0,0,0,0.25,0,0,0,0,0,0,0,0,0,0,0,0,0,0,0,0,0,0,0,0,0,0.33,0,0,0,0,0,0,0,0.08,0,0,0,0,0,0.2,0,0,0,0,0,1,1,0.67
"bin_s14.cct55_sub",0.17,0.08,0.1,0.52,0,0,0.1,0.14,0.15,0.12,0,0.14,0,0,0,0,0,0.2,0.2,0,0.25,0.1,0.1,0,0.35,0.1,0.3,0,0,0,0.08,0,0,0,0,0.6,0.1,0.1,0.25,0.33,0.33,0,0,0,0,0,0,0,0.2,0,0.3,0,0,0,0,0,0,0,0,0.2,0.17,0,0,0.1,0.2,0,1,0.1,0,0,0.2,0,0.5,0.1,0.2,0,1,0,0.1,0,0,0,1,0,0,1,0,0,0.4,0.3,0.53,0.1,0,0.1,0.2,0.3,0.47,0.7,0.5,0.76,0.57,0.4,0.8,0.7,0.9,0.2,0.2,1,0.2,0.92,1,1,0.49,0.63,0.3,0,0.2,0.43,0.45,0.2,0.25,0,0.7,0,0.5,0.2,0.43,0,0,0,0,0,0,0.1,0,0,0,0,0.43,0.45,0.33,0.36,0.27,0.6,0.4,0.2,0,0.31,0.53,0.2,0,0.03,0,0,0,0,0,0,0.35,0,0,0,0,0,0,0,0,0,0,0,0,0,0,0,0,0,0.24,0,0,0,0.43,0,0,0,0,0,0,0,0,0,0,0,0,0,0,0,0,0,0,0,0.3,0.34,0.43
"bin_s14.cct6",0.25,0.31,0.53,0.35,0.12,0.43,0.33,0.36,0.31,0.25,0.38,0.14,0.17,0,0.33,0,0.2,0.6,0.6,0,0,1,0.33,0,0.88,0.67,0.7,0,0,0,0.08,0,0,0,0,1,1,0.5,0,0,0.33,0,0,1,0,0,0,0,0,0,0.37,0,0,0,0,0,0,0,0,0.57,0.17,0,0,1,0.67,0.33,1,0.5,0,0,0.6,0,0,0,0.1,1,1,0,0.1,0,0,0,0.1,1,0,0.1,0,0,1,0.77,0.77,0.33,0.25,0.6,1,0.1,1,1,0.98,1,1,1,1,1,1,1,1,1,0.96,1,1,1,1,1,1,1,0.92,1,0.6,0.6,0,0.17,1,0,1,0.4,0.33,0,0,0.5,0,0,0,0.1,0,0,0,0,1,0.75,0.33,0.94,1,0.7,1,0.19,0,0.5,0.88,0.21,0,0.03,0,0.17,0,0,0,0,0.25,0,0,0,0,0,0,0,0,0,0.08,0,0,0,0,0,0,0,0.14,0,0,0,0.33,0,0,0,0,0,0,0,0,0,0,0,0,0.25,0.4,0,0,0.25,0,0.5,0.1,0.9,1
"bin_s14.cct67_sub",0.29,0.46,0.71,0.85,0.38,0.86,0.83,0.36,0.46,0.25,0.25,0.71,0.5,0.25,0.33,0,1,1,1,1,1,1,1,0,1,0.73,0.7,0,0,0,0.08,0,0,0,0,1,1,0.9,0.25,0,0.33,0,0,1,0,0,0,0,0,0,0.77,0,0,0,0,0,0,0,0,0.26,1,0,0,0.1,1,0.33,1,1,1,0,0.6,0,1,0,1,0,0,0,1,0,0,0,0,0,0,1,0,0,1,1,1,0.67,0.25,0.6,1,1,1,1,1,0.75,0.93,1,1,1,1,0.77,1,1,1,0.85,1,1,1,1,1,1,1,1,1,1,1,0.33,1,0,0,0.6,0.33,0,0,1,0,0,0,0.1,0,0,0,0,0.6,1,0.33,1,0.83,1,1,1,0,0.57,1,1,0,0.03,0,0.17,0,0,0,0,0.25,0,0,0,0,0,0,0,0,0,0.08,0,0,0,0,0,0,0,0.14,0,0,0,0.33,0,0,0,0,0,0,0,0.17,0,0,0,0,0,0.4,0,0,0,0,0.5,1,1,1
"bin_s14.mtb11",0.15,0.23,0.43,0.42,0.19,0.14,0.83,0.29,0.15,0.25,0,0.14,0.17,0.75,0.33,0,0,1,0,0,1,0.75,0.33,0,0,0,0,0,0,0,0.08,0,0,0,0,1,0,0.6,0.25,0,0.33,0,0,0,0,0,0,0,0,0,0.27,0,0,0,0,0,0,0,0,0,0,0,0,0,1,0,1,0.5,0,0,0.5,0,0,0.5,0,0,1,0,0,0,1,0,0,1,0,0,1,0,1,0.67,0.5,0.5,0,0,1,0,0.17,0.33,0.1,1,0.94,1,1,1,1,0,0.8,1,0.57,0.25,0.2,0,0.89,0.33,1,0,0,0,0.25,0.25,0,0.33,0,0,0,0.2,0.33,0,0,0,0,0,0,0,0,0,0,0,1,0.33,0,0.5,0,0,1,0.14,0,0.57,0.89,0,0,0.03,0,0,0,0,0,0,0.25,0,0,0,0,0,0,0,0,0,0,0,0,0,0,0,0,0,0.14,0,0,0,0.33,0,0,0,0,0,0,0,0.08,0,0,0,0,0,0.2,0,0,0,0,0.5,1,1,0.67
"bin_s14.mtb51",0,0,0,0,0,0,0,0,0,0,0,0,0,0,0,0,0,0.5,0,0,0.25,0,0,0,0,0,0,0,0,0,0.08,0,0,0,0,0,1,0.1,0,0,0,0,0,0,0,0,0,0,0,0,0,0,0,0,0,0,0,0,0,0,0,0,0,0,0,0,1,0.16,0,0,0.1,0,0.5,0,1,0,0,0,0,0,0,0,1,0,0,0.1,0,0,0.67,0.67,0.67,0.33,0.25,0.5,1,0,0.8,1,0.77,1,0.78,1,1,0.75,1,0.77,1,1,0.67,1,1,0.43,0.96,1,0.5,0,0.08,0.83,0.5,0.5,0,0,0.75,0,0,0.4,0.33,0,0,0,0,0,0,0.6,0,0,0,0,0.83,1,0,0.84,0.17,0,0.55,0,0,0,1,0.22,0,0.03,0,0.17,0,0,0,0,0.25,0,0,0.5,0,0,0,0,0,0,0,0,0,0,0,0,0,0,0,0,0,0,0.33,0,0,0,0,0,0,0,0.08,0,0,0,0,0,0.4,0,0,0,0,0,1,0.8,1
"bin_s14.mtb52",0.17,0.08,0.29,0.52,0,0,0,0.14,0.15,0.12,0,0.14,0,0,0,0,0,0.6,0.1,0,0,0.25,0,0,0,0,0.1,0,0,0,0.08,0,0,0,0,1,0.1,0.1,0,0,0,0,0,0,0,0,0,0,0,0,0,0,0,0,0,0,0,0,0,0,0,0,0,0,0.1,0,0.1,0.16,0,0,0.1,0,0,0,0.1,0,0,0,0,0,0,0,1,0,0,0.1,0,0,0.77,0.33,0.43,0,0,0.1,1,1,0.04,0.1,0.1,0.12,0,1,0.5,0.75,0.6,0.43,0,0.33,0.1,0,0.1,0.1,0.1,0.1,0.1,0,0,0,0.1,0.1,0,0,0.5,0,0,0,0.33,0,0,0,0,0,0,0.1,0,0,0,0,0.33,1,0,0,0.17,0.1,0.17,0.1,0,0,0.1,0,0,0.03,0,0,0,0,0,0,0,0,0,0,0,0,0,0,0,0,0,0,0,0,0,0,0,0,0,0,0,0,0.33,0,0,0,0,0,0,0,0.08,0,0,0,0,0,0,0,0,0,0,0,0,0,0
"bin_s14.mxb11",0.15,0.31,0.29,0.42,0.06,0.43,0.17,0.29,0.23,0.12,0.38,0.43,0.17,0,0,0,0,0.5,0.17,0,0,0.25,0,1,0.75,0.53,0.8,0.04,0,0,0.08,0.33,0,0,0,0,0.5,0,0,0,0,0,0,0,0,0,0,0,0.5,0,1,0,0,0,0,0,0,0,0,0.43,0.35,0,0,0,0.67,0.33,1,0.5,0,0,0.5,0,0.5,0,0,0,1,0,0,0,0,0,0,0,0,1,0,0,1,0.67,0.67,0.5,0,0,1,0,1,1,1,1,0.94,1,1,1,1,1,1,1,0.86,1,1,1,1,1,0.5,0,0.83,1,0.5,0.5,0,0.17,1,0,0.5,1,0.33,0,0,0,0,0,0,0,0,0,0,0,1,1,0.67,1,1,1,1,0.77,0,0.5,0.78,0.11,0,0.03,0,0.17,0,0,0,0,0.25,0.2,0,0,0,0,0,0,0,0,0,0,0,0,0,0,0,0,0.14,0,0,0,0.33,0,0,0,0.06,0,0,0,0.08,0,0,0,0,0.25,0.4,0,0.14,0,0,0.5,1,1,1
"bin_s14.mxb14_sub",0.17,0.08,0.1,0.85,0.12,0.14,0.27,0.21,0.15,0.12,0,0.14,0,0.25,0.33,0,0.5,1,0.6,0.25,0,1,1,0,1,0.73,1,0,0,0,0.08,0,0,0,0,1,0.6,0.35,0.25,0,0.33,0,0,1,0,0,0,0,0,0,0.1,0,0,0,0,0,0,0,0,1,0.02,0,0,1,1,0,1,0.5,0,0,0.7,0,1,0.1,1,0.33,0,1,1,0,0,0,1,0,0,1,0,0,1,1,0.77,1,0.25,0.6,0.1,1,1,1,1,0.85,1,1,1,1,1,1,1,1,0.96,1,1,1,1,1,1,1,1,1,0.6,0.7,0.5,0,1,0.33,1,0.4,0.33,0,0,1,0,0,0,0.1,0,0,0,0,1,1,0.67,0.44,1,1,1,0.24,0,0.67,1,1,0,0.03,0,0,0,1,0,0,0.25,0,0,0,0,0,0,0,0,0,0,0,0,0,0,0,0,0,0.14,0,0,0,0.33,0,0,0,0,0,0,0,0.17,0,0,0,0,0,0.4,0,0,0,0,0.5,1,1,1
"bin_s14.mxb25_sub",0.15,0.31,0.43,0.42,0.19,0.86,0.83,0.29,0.31,0.25,0.25,0.14,0.67,0,0.33,0,0.2,0.5,0.5,0.5,0.2,0.5,0.33,1,0.62,0.47,0.8,0,0,0,0.08,0,0,0,0,1,0.5,0.5,0.5,0.33,0.67,0,0,0,0,0,0,0,0.5,0,0.75,0,0,0,0,0,0,0,0.33,0.29,0.04,0,0,0,0.33,0.33,1,0.16,0,0,0.35,0,0,0,0.1,1,1,0,0,0,0,0,0,1,0,1,0,0,1,0.67,0.67,0.33,0.25,0.5,1,0,1,1,1,1,0.94,1,1,1,1,1,0.4,0.17,0.96,1,1,1,0.89,1,1,1,0.83,0.83,1,1,0,0.17,1,0.33,0,0.4,0.33,0,0,0.5,0,0,0,0.1,0,0,0,0,1,1,0.33,0.16,0.33,0,1,0.14,0,0.39,0.78,0.17,0,0.03,0,0.17,0,0,0,0,0,0,0,0,0,0,0,0,0,0,0,0,0,0,0,0,0,0,0.14,0,0,0,0.33,0,0,0,0,0,0,0,0.08,0,0,0,0,0.25,0.4,0,0,0.25,0,0.5,1,1,1
"bin_s14.mxb34_sub",0.29,0.31,0.53,0.77,0,0.14,0.27,0.36,0.38,0.12,0.25,0.14,0.17,0,0.33,0,0.5,0.2,1,0.5,0,0.1,0.67,0.5,0.1,0.1,0.1,0,0,0,0,0,0,0,0,0.1,0.1,0.1,0.25,0,0,0,0,1,0,0,0,0,0,0,0.1,0,0,0,0,0,0,0,0,0.14,0,0,0,0.1,1,0,0.2,0.6,0.5,0,0.45,0,0,0.1,0.2,0,0,0,0.1,0,1,0,1,0,0,0.1,1,0,1,0.87,0.6,0.43,0.25,0.6,0.2,0.2,0.45,1,0.87,0.32,0.2,1,0.2,0.7,0.8,0.87,0.4,0.8,0.67,0.58,0.6,0.53,0.77,1,0.8,0,0.32,0.1,0.45,0.2,0,0,0.2,0,0,0.2,0.33,0,0,0.5,0,0,0,0.1,0,0,0,0,0.3,0.53,0,0.2,0.27,0.1,0.3,0.96,0.25,0.1,0.2,0.1,0,0.03,0,0,0,0,0,0,0,0,0,0,0,0,0,0,0,0,0,0,0,0,0,0,0,0,0,0,0,0,0.33,0,0,0,0,0,0,0,0.08,0,0,0,0,0,0.2,0,0,0,0,0,1,0.63,0.77
"bin_s14.vmb0",0.1,0,0,0.1,0,0,0.17,0,0,0,0,0,0,0,0,0,0,0.6,0.1,0,0,0.25,0,0,0,0,0.1,0,0,0,0,0,0,0,0,1,0.1,0.1,0,0,0,0,0,0,0,0,0,0,0,0,0,0,0,0,0,0,0,0,0,0,0,0,0,0,0.1,0,0.1,0,0,0,0.1,0,0,0,0.1,0,0,0,0,0,0,0,0,0,0,0.1,0,0,0.1,0,0.1,0,0,0.1,1,0.1,0,0.1,0.1,0,0,1,1,0.5,0.6,0.1,0,0.17,0.1,0,0.1,0.1,0.1,0.1,0.1,0,0,0,0.1,0.1,0,0,0.1,0,0,0,0.33,0,0,0,0,0,0,0.1,0,0,0,0,0.2,0.08,0,0,0,0.1,0.2,0.1,0,0,0.1,0,0,0.03,0,0,0,0,0,0,0,0,0,0,0,0,0,0,0,0,0,0,0,0,0,0,0,0,0,0,0,0,0,0,0,0,0,0,0,0,0,0,0,0,0,0,0,0,0,0,0,0,0,0,0
"bin_s18.mtb24_sub",0.17,0.31,0.43,0.68,0.12,0.86,0.83,0.36,0.38,0.25,0.25,0.14,0.83,0.25,0.67,0,0,1,0.17,0,0,0.75,0.67,0,0.25,0.2,0.4,0.04,0,0,0.08,0.33,0,0,0,1,0.33,0.1,0.25,0,0,0,0,0,0,0,0,0,0,0,0,0,0,0,0,0,0,0,0,0.14,0,0,0,0,1,0,1,0.5,0,0,0.35,0,0,0,0.1,0,1,0,0,0,0,0,1,0,0,0.1,0,0,1,1,0.77,0.33,0.25,0.6,1,1,0.33,1,0.1,1,0.94,1,0.5,0.75,0.75,0.43,0.2,1,0.39,0.25,0.5,0.1,0.81,1,1,0,0.06,0.08,0.25,0.35,0,0.17,0.1,0,0,0.2,0.33,0,0,1,0,0,0,0.1,0.12,0.12,0.1,0.1,1,1,0.33,0.34,0,0.5,0.8,0.96,0,0,0.1,0,0,0.03,0,0.17,0,0,0,0,0.25,0,0,0,0,0,0,0,0,0,0,0,0,0,0,0,0,0,0,0,0,0,0.33,0,0,0,0,0,0,0,0,0,0,0,0,0,0.2,0,0,0,0,0,1,0.6,0.67
"bin_s18.mtb29",0.29,0.38,0.43,0.85,0.12,0.86,0.83,0.64,0.38,0.38,0.38,0.14,0.67,0.25,0.33,0,0,0.6,0.5,0.25,0,1,0.33,0.5,0.25,0,0.2,0.04,0,0,0.08,0.33,0,0,0,1,0.1,0.43,0.25,0,0.33,0,0,1,0,0,0,0,0,0,0,0,0,0,0,0,0,0,0,0.14,0,0,0,0,1,0,1,0.5,0,0,0.35,0,0,0,0.1,0,1,0,0,0,1,0,1,1,0,0.1,1,0,1,0.67,0.77,0.33,0.25,0.6,1,1,0.29,1,0.43,1,0.94,1,0.5,0.5,0.75,0.77,1,0.67,0.96,1,1,1,1,1,1,0,0.06,0,0.5,0.6,0,0,1,0,0.5,0.4,0.33,0,0,0.5,0,0,0,0.1,0,0,0,0,0.2,0.33,0,0.16,0.17,0.33,0.6,0.86,0.25,0,0.11,0.22,0,0.03,0,0.17,0,0,0,0,0,0,0,0,0,0,0,0,0,0,0,0,0,0,0,0,0,0,0,0,0,0,0.33,0,0,0,0,0,0,0,0.08,0,0,0,0,0,0.4,0,0,0,0,0,1,1,1
"bin_s18.mtb8_sub",0.29,0.38,0.53,0.77,0.31,0.86,0.93,0.29,0.31,0.25,0.5,0.14,0.67,0.25,0.67,0,0.5,0.7,0.1,0.75,0.75,0.85,0.67,0.5,0.1,0.1,0.1,0.04,0,0,0.08,0.33,0,0,0,1,0.1,0.1,0,0,0.33,0,0.5,1,0,0,0,0,0,0,0.1,0,0,0,0,0,0,0,0,0,0,0,0,0.1,1,0,1,0.6,0,0,0.45,0,0,0.1,0.2,0,1,0,0.1,0,0,0,1,1,0,0.2,0,0,1,0.87,0.87,0.43,0.38,0.6,1,0.3,0.57,0.57,0.49,1,1,1,0.8,0.7,0.65,0.53,0.6,1,0.77,0.55,0.8,0.2,1,0.3,1,1,0.16,0.18,0.7,0.7,0,0.33,0.45,0,0,0.4,0.43,0,0,0.5,0,0.5,0,0.1,0,0,0,0,1,0.53,0.33,0.36,0.1,0.1,0.9,0.96,0.25,0.1,0.2,0.1,0,0.03,0,0.17,0,0,0,0,0.35,0,0,0,0,0,0,0,0,0,0,0,0,0,0,0,0,0,0.1,0,0,0,0.43,0,0,0,0,0,0,0,0.08,0,0,0,0,0,0.4,0,0.33,0,0,0,1,1,1
"bin_s18.mxb12_sub",0.29,0.46,0.39,0.85,0.06,0.14,0.93,0.29,0.38,0.88,0.38,0.14,0.17,0,0.33,0,0.5,0.7,0.1,0.25,0,0.35,0.1,0,0.1,0.1,0.1,0.04,0,0,0,0.33,0,0,0,1,0.1,0.1,0,0,0.33,0,0,0,0,0,0,0,0,0,0.1,0,0,0,0,0,0,0,0,0.14,0,0,0,0.1,1,0,1,0.6,0,0,0.45,0,0,0.1,0.2,0,0,0,0.1,0,1,0,1,1,0,0.2,1,0,0.63,0.29,0.6,0.43,0.25,0.6,0.2,0.3,0.49,0.49,0.63,0.32,0.3,0.4,0.8,0.7,0.4,0.2,0.4,0.9,0.49,0.3,0.4,0.2,0.64,0.39,0.3,0,0.16,0.1,0.2,0.45,0,0,1,0,0,0.2,0.43,0,0,1,0,0,0,0.1,0,0,0,0,1,0.28,0,0.2,0.1,0.77,0.5,0.29,0.25,0.1,0.2,0.1,0,0.03,0,0,0,0,0,0,0.1,0,0,0,0,0,0,0,0,0,0,0,0,0,0,0,0,0,0.1,0,0,0,0.1,0,0,0,0,0,0,0,0,0,0,0,0,0,0.2,0,0,0,0,0,0.2,0.63,0.77
"bin_s18.mxb2",0.81,0.62,0.29,0.75,0.12,0.14,0.17,0.43,0.31,0.12,0,0.29,0,0.25,0.67,0,0,0,1,0,0,1,1,0.5,1,0.73,0.8,0,0,0,0.08,0,0,0,0,1,0.5,0.2,0.25,0,0,0,0,1,0,0,0,0,0,0,0.07,0,0,0,0,0,0,0,0,0,0,0,0,0,1,0.33,1,0.5,0,0,0.75,0,1,0.5,1,0,1,0,0,0,0,0,1,0,0,1,0,0,1,0.67,0.67,0.67,0.38,0.5,1,1,1,1,1,1,0.89,1,1,1,1,1,1,1,1,1,1,1,1,1,1,0,1,1,1,1,0,0,1,0,1,0.4,0.33,0,0,1,0,0,0,0,0,0,0,0,1,1,0.67,1,1,1,1,0.14,0,0.57,1,1,0,0.03,0,0.17,0,0,0,0,0.25,0,0,0,0,0,0,0,0,0,0,0,0,0,0,0,0,0,0.14,0,0,0,0.33,0,0,0,0,0,0,0,0.17,0,0,0,0,0,0.4,0,0,0,0,0.5,1,1,1
"bin_s19.cct18_sub",0.07,0.23,0.43,0.58,0.12,0.86,0.83,0.21,0.31,0.25,0.38,0.14,0.67,0.75,0.67,0,0.5,1,0,0.5,0.25,0.75,0.67,0,0.25,0.2,0.4,0,0,0,0.08,0,0,0,0,1,0.33,0,0.25,0,0,0,0,0,0,0,0,0,0,0,0,0,0,0,0,0,0,0,0,0.29,0,0,0,0,1,0,1,0.5,0.5,0,0.25,0,0,0,0,0,1,0,0,0,0,0,1,0,0,0,1,0,1,1,0.67,0.33,0.25,0.5,1,1,0.33,1,0,1,0.94,1,1,1,1,0,0.2,1,0.14,0.25,0.4,0,0.71,1,1,0,0.06,0,0.25,0.25,0,0.17,0,0,0,0.2,0.33,0,0,1,0,0,0,0,0.12,0.12,0.1,0.1,1,0.33,0.33,0.34,0,0.5,0.8,0.86,0,0,0,0,0,0.03,0,0.17,0,0,0,0,0.25,0,0,0,0,0,0,0,0,0,0,0,0,0,0,0,0,0,0,0,0,0,0.33,0,0,0,0,0,0,0,0.08,0,0,0,0,0,0.2,0,0,0,0,0,1,1,0.67
"bin_s19.mtb13",0.29,0.46,0.67,0.85,0.56,0.86,1,0.57,0.23,0.25,0.62,0.86,0.67,0.25,0.67,0,0,0.6,0.1,0,0,0.6,0.67,0,0.1,0,0.1,0,0,0,0.08,0,0,0,0,1,0.1,0.1,0,0,0,0,0,0,0,0,0,0,0,0,0.1,0,0,0,0,0,0,0,0,0,0,0,0,0.1,1,0,1,0.5,0.5,0,0.45,0,0,0.1,0.2,0,0,0,0.1,0,0,0,1,1,0,1,0,0,1,0.77,0.77,0,0,0.1,1,1,0.3,0.3,0.22,0.38,1,1,0.2,0.6,0.45,0.1,0.3,1,0.24,0.2,0.5,0.2,0.67,0.2,0.7,0,0.16,0.1,0.1,0.2,0,0,0.2,0,0,0.2,0.33,0,0,0.5,0,0,0,0.1,0,0,0,0,0.3,0.43,0,0.1,0,0.1,0.9,0.1,0.25,0.1,0.1,0.1,0,0.03,0,0.17,0,0,0,0,0.25,0,0,0,0,0,0,0,0,0,0,0,0,0,0,0,0,0,0,0,0,0,0.33,0,0,0,0,0,0,0,0.08,0,0,0,0,0,0.2,0,0,0,0,0,0.1,0.53,0.77
"bin_s19.mtb52",0.07,0.08,0,0.75,0,0,0,0.14,0.15,0.12,0,0.14,0,0,0,0,0,0.5,0.17,0,0,0,0,0,0.88,0.67,0.8,0,0,0,0.08,0,0,0,0,0.5,0.5,0.75,0,0,0,1,1,0,0,0,0,1,1,0.5,1,0,0,0,0,0.04,0.25,0,0.33,0.71,1,0,0,0,1,0,1,0.5,0,0,0.5,0,0.75,0,1,0.67,1,0,0,0,0,0,0,0,0,1,0,0,1,0.67,0.67,1,0.25,0.5,0,0,1,1,1,1,0.94,1,1,1,1,1,1,0.5,0.71,0.75,1,1,1,1,1,1,0.95,0.92,1,1,0.5,0.33,1,0,0,1,0.33,0,0,0.5,0,0,0,0,0,0,0,0,1,1,0.67,1,0.67,0.67,0.8,0.23,0,0,0.11,0.78,0,0.03,0,0.17,0,0,0,0,0.25,0.2,0,0.17,0,0,0,0,0,0,0,0,0,0,0,0,0,0,0.14,0,0,0,0.33,0,0,0,0.06,0,0,0,0.08,0,0,0,0,0,0.4,0,0.14,0,0,0.5,1,1,1
"bin_s19.vmb15",0.21,0.31,0.53,0.77,0.12,0.86,0.83,0.21,0.31,0.25,0,0.14,0.83,0.25,0.33,0,0,0.6,0.1,0,0,0.75,0.67,0,0,0.2,0.3,0,0,0,0.08,0,0,0,0,1,0.1,0.43,0.25,0,0.33,0,0,0,0,0,0,0,0,0,0.1,0,0,0,0,0,0,0,0,0.14,0,0,0,0.1,1,0,1,0.5,0,0,0.6,0,0.25,0.5,0.1,0,1,0,0.1,0,0,0,1,1,0,1,0,0,1,0.77,0.77,0.33,0.25,0.6,1,0.1,0.52,1,0.52,1,1,1,1,1,1,0.43,0.9,1,0.81,1,1,1,0.83,1,1,0,0.78,0.08,0.6,0.6,0,0.17,1,0,0,0.2,0.33,0,0,0.5,0,0.5,0,0.1,0,0,0,0,1,0.33,0.33,0.26,0,0.33,0.8,0.96,0.25,0,0.21,0.1,0,0.03,0,0.17,0,0,0,0,0.25,0,0,0,0,0,0,0,0,0,0,0,0,0,0,0,0,0,0,0,0,0,0.33,0,0,0,0,0,0,0,0.08,0,0,0,0,0,0.2,0,0,0,0,0,1,1,0.67
"bin_s19.vmb3",0.1,0,0.29,0.1,0,0,0,0,0,0,0,0,0,0,0,0,0,0.1,0.1,0,0,0,0,0,0,0,0.3,0,0,0,0.08,0,0,0,0,0,0.1,0.1,0,0,0,0,0,0,0,0,0,0,0,0,0,0,0,0,0,0,0,0,0,0,0,0,0,0,0.1,0,0.1,0,0,0,0.1,0,0,0,1,0,0,0,0,0,0,0,0,0,0,0.1,0,0,0.1,0,0.4,0,0,0.1,0,0.1,0.53,0.6,0.33,0,0.5,1,1,0.25,0.6,0.1,0.2,0.1,0.24,0,0.1,0.1,0.67,0.1,0.1,0,0,0.5,0.1,0.1,0,0,0.1,0,0,0.2,0,0,0,0.5,0,0,0,0.1,0,0,0,0,0.1,0.25,0.33,0,0,0.7,0.17,0.1,0,0,0.3,0.06,0,0.03,0,0,0,0,0,0,0,0,0,0,0,0,0,0,0,0,0,0,0,0,0,0,0,0,0,0,0,0,0.33,0,0,0,0,0,0,0,0.08,0,0,0,0,0,0.2,0,0,0,0,0,0,0.4,0.33
"bin_s2.cct8_sub",0.29,0.38,0.81,0.85,0.12,0.86,0.83,0.36,0.31,0.25,0.25,0.14,0.5,0.25,0.67,0,0.25,1,0.1,0,0.5,0.85,0.67,0,1,0.73,0.9,0,0,0,0,0,0,0,0,0.5,1,0.85,0.25,0,0.33,0,0.5,0,0,0,0,0,0,0,0.17,0,0,0,0,0,0,0,0,1,0.48,0,0,0.1,1,0,1,1,0.5,0,0.6,0,0.5,0,1,0.33,0,0,0.1,0,0,0,0.1,0,0,0.1,0,0,0.77,0.77,1,0.33,0.25,0.6,0.1,1,1,1,0.98,0.76,0.88,0.1,0.6,0.6,0.6,0.77,0.7,0.7,0.81,1,1,0.6,0.88,0.87,0.45,0.8,0.27,1,0.6,0.6,0.5,0.17,0.6,0,1,0.2,0,0,0,1,0,0,0,0.6,0,0,0,0,0.7,0.6,0.33,1,0.5,0.5,0.9,0.67,0,0.57,0.88,0.38,0,0.03,0,0.17,0,0,0,0,0.25,0,0,0,0,0,0,0,0,0,0.08,0,0,0,0,0,0,0,0.14,0,0,0,0,0,0,0,0,0,0,0,0.08,0,0,0,0,0,0.4,0,0,0,0,1,1,0.7,1
"bin_s2.mtb4",0.25,0.31,0.29,0.52,0.12,0.29,0.83,0.29,0.23,0.25,0,0.14,0.17,0.5,0.33,0,0.25,1,0,0.25,0,0.75,0.33,0,0,0.2,0.2,0.04,0,0,0.08,0.33,0,0,0,1,0.1,0.6,0.25,0,0,0,0,0,0,0,0,0,0,0,0.27,0,0,0,0,0,0,0,0,0.14,0,0,0,1,1,0,1,0.5,0,0,0.35,0,0,0,0.1,0,1,0,0,0,1,0,1,0,0,0.1,1,0,1,0.67,0.77,0.5,0,0.1,1,1,0.48,1,1,1,0.94,1,0.5,0.75,0.75,0.1,1,1,0.96,1,1,1,0.89,1,1,1,0.06,0.17,0.5,0.6,0,0,0.1,0,0,0.4,0.33,0,0,0,0,0,1,0.1,0.12,0.12,0.1,0.1,1,0.33,0,0.34,0,0.1,0.8,0.1,0,0.57,0.89,0,0,0.03,0,0.17,0,0,0,0,0.25,0,0,0,0,0,0,0,0,0,0,0,0,0,0,0,0,0,0,0,0,0,0.33,0,0,0,0,0,0,0,0,0,0,0,0,0,0.4,0,0,0,0,0.5,1,1,1
"bin_s2.mxb1",0.91,0.77,0.67,0.18,0.12,0.29,0.93,0.36,0.31,0.25,0,0.14,0.17,0,0.33,0,0.75,0.1,1,1,0.25,0.1,0.5,0,0.1,0,0.1,0,0,0,0.08,0,0,0,0,0.5,0.1,0.1,0,0,0,0,0,0,0,0,0,0,0,0,0.1,0,0,0,0,0,0,0,0,0,0,0,0,0.1,0.43,0.33,0.6,0.16,0,0,0.1,0,0.5,0.1,0.1,0,0,0,1,0,0,0,0.1,0,0,1,0,0,0.77,0.77,0.43,0,0,0.1,0.1,0.2,0.33,0.85,0.4,0.35,0.32,1,0.6,0.6,0.45,0.1,1,1,0.96,0.35,0.4,0.1,0.67,0.53,0.7,0,0.1,0.1,0.1,0.1,0,0,0.72,0,0.5,0.4,0.33,0,0,0,0,0,0,0.1,0,0,0,0,0.77,0.85,0.33,0.1,0.33,0.1,0.4,0.24,0,0,0.32,0.43,0,0.03,0,0,0,0,0,0,0.25,0,0,0,0,0,0,0,0,0,0,0,0,0,0,0,0,0,0,0,0,0,0.33,0,0,0,0,0,0,0,0.17,0,0,0,0,0,0.4,0,0,0,0,0,0.1,0.43,0.67
"bin_s2.mxb45_sub",0.1,0,0.1,0.1,0.12,0.1,0.1,0,0,0.1,0,0,0,0,0,0,0,0.3,0.2,0.25,0.25,0.45,0.1,0,0.35,0.1,0.3,0,0,0,0,0,0,0,0,1,0.1,0.2,0,0,0,0,0,0,0,0,0,0,0,0,0.1,0,0,0,0,0,0,0,0,0,0,0,0,0.2,0.3,0,0.2,0.1,0,0,0.2,0,0,0.1,0.3,0,0,0,0.1,0,0,0,0.3,0,0,0.2,0,0,0.4,0.3,0.53,0.1,0,0.1,0.2,0.3,0.68,0.73,0.97,0.63,0.4,1,0.9,1,0.75,0.53,0.5,0.5,0.77,0.4,0.6,0.63,0.7,0.73,0.4,0,0.31,0.28,0.7,0.55,0,0,0.82,0,0,0.2,0.1,0,0,0,0,0,0,0.1,0,0,0,0,0.4,1,0,0.3,0.27,0.2,0.5,0.2,0,0.14,0.31,0.2,0,0,0,0.17,0,0,0,0,0.1,0,0,0,0,0,0,0,0,0,0,0,0,0,0,0,0,0,0.1,0,0,0,0.1,0,0,0,0,0,0,0,0,0,0,0,0,0,0.2,0,0,0,0,0,1,0.7,0.77
"bin_s21.cct14_sub",0.07,0.15,0,0.75,0.06,0,0.83,0.21,0.15,0.25,0,0.14,0,0.25,0,0,0.5,1,0.5,0.25,0,1,1,0,1,0.73,0.6,0,0,0,0.08,0,0,0,0,1,0.5,0.1,0.25,0,0,0,0,1,0,0,0,0,0,0,0.07,0,0,0,0,0,0,0,0,0,0,0,0,1,1,0.33,1,0.5,0,0,0.85,0,1,0.5,1,0,0,0,1,0,0,0,1,0,0,1,0,0,1,1,0.67,0.67,0.25,0.5,1,1,0.88,1,1,1,0.89,1,1,1,1,1,0.8,1,1,1,1,1,1,1,1,0,1,1,1,1,0,0.67,1,0,0,0.4,0.33,0,0,1,0,0,0,0.1,0,0,0,0,1,1,0.33,0.84,1,1,1,1,0,0.57,1,1,0,0.03,0,0.17,0,0,0,0,0.25,0,0,0,0,0,0,0,0,0,0,0,0,0,0,0,0,0,0.14,0,0,0,0.33,0,0,0,0,0,0,0,0.17,0,0,0,0,0,0.4,0,0,0,0,0.5,1,1,1
"bin_s21.cct28",0.1,0,0.39,0.1,0,0,0,0,0,0,0,0,0,0,0,0,0,0.1,0.1,0,0,0,0,0,0,0,0.1,0,0,0,0,0,0,0,0,0.5,0.1,0.1,0,0,0,0,0,0,0,0,0,0,0,0,0.1,0,0,0,0,0,0,0,0,0,0,0,0,0.1,1,0,0.1,0.5,0,0,0.35,0,0,0,0.1,0,1,0,0.1,0,0,0,0.1,0,0,0.1,0,0,1,0.43,0.5,0,0,0.1,1,0.1,0.22,0.22,0.22,0.85,0.71,1,0.6,0.75,0.85,0.1,0.1,0.6,0.24,0.35,0.4,0.1,0.1,0.1,0.1,0,0,0,0.35,0.35,0,0,0.1,0,0,0,0.33,0,0,0,0,0,0,0.1,0,0,0,0,0.2,0.33,0,0.44,0,0.1,0.5,0.1,0,0,0.21,0.1,0,0.03,0,0.17,0,0,0,0,0.25,0,0,0,0,0,0,0,0,0,0,0,0,0,0,0,0,0,0,0,0,0,0.33,0,0,0,0,0,0,0,0,0,0,0,0,0,0,0,0,0,0,0,0.1,0.1,0
"bin_s21.cct40",0.91,0.77,0.67,0.85,0.19,0.86,0.83,0.43,0.38,0.25,0.25,0.29,0.5,0.25,0.33,0,1,1,0.6,1,1,1,0,0,0.75,0.53,0.7,0,0,0,0.08,0,0,0,0,1,1,1,0.25,0,0.33,0,0,0,0,0,0,0,0,0,0.77,0,0,0,0,0,0,0,0,0.57,1,0,0,0.1,1,0.33,1,1,1,0,0.6,0,1,0,1,0.33,0,0,1,0,0,0,0.1,0,0,1,0,0,1,1,1,0,0,0.1,1,1,1,1,1,0.85,0.93,1,0.6,0.75,0.85,1,1,0.5,1,1,1,1,0.99,0.77,0.85,1,0.83,0.75,1,0.85,0.5,0.5,1,0,1,0.4,0.33,0,0,0.5,0,0,0,0.6,0,0,0,0,1,1,0.67,1,1,0.83,0.9,0.81,0,0.14,0.43,1,0,0.03,0,0.17,0,0,0,0,0,0,0,0,0,0,0,0,0,0,0,0,0,0,0,0,0,0,0.14,0,0,0,0.33,0,0,0,0,0,0,0,0.17,0,0,0,0,0,0.4,0,0,0,0,0.5,1,0.9,1
"bin_s21.cct50_sub",0.17,0.08,0.1,0.52,0,0,0.1,0.14,0.15,0.12,0,0.14,0,0,0.33,0,0.2,0.7,0.2,0.25,0.75,1,0.1,0,0.48,0.5,0.7,0.04,0,0,0.08,0.33,0,0,0,1,0.6,0.43,0.75,0.67,0.33,0,0.5,0,0,0,0,0,0.4,0,0.5,0,0,0,0,0,0,0,0,0.69,0.17,0,0,1,0.77,0,1,0.6,0,0,0.45,0,0.5,0.1,0.2,1,1,0,0.1,0,0,0,0.2,1,0,1,0,0,0.32,0.43,0.53,1,0,0.1,0.2,0.3,0.73,1,0.72,0.78,1,1,1,0.95,1,1,1,1,1,0.68,1,0.87,1,1,1,0.75,0.71,0.77,0.7,0.7,0.25,0.17,0.8,0,0.5,1,0.43,0,0,0.5,0,0,0,0.1,0,0,0,0,1,1,0.33,1,1,0.77,0.65,0.25,0,0.42,0.76,0.21,0,0,0,0.17,0,0,0,0,0.25,0,0,0,0,0,0,0,0,0,0,0,0,0,0,0,0,0,0,0,0,0,0.43,0,0,0,0,0,0,0,0.08,0,0,0,0,0.25,0.4,0,0,0.25,0,0,1,0.8,1
"bin_s21.cct65_sub",0.1,0,0.1,0.1,0,0,0,0,0,0,0,0,0,0,0,0,0,0.1,0.17,0,0,0.5,0,0,0.88,0.67,0.9,0,0,0,0.08,0,0,0,0,0.5,0.6,0.3,0.25,0,0.33,0,0,1,0,0,0,0,0,0,0.37,0,0,0,0,0,0,0,0,0.29,0,0,0,0.1,0.67,0,1,0.5,0,0,0.85,0,0,0.5,0.1,0,0,0,0.1,0,0,0,1,1,0,0.1,0,0,1,0.77,0.77,0.5,0,0.1,0.1,0.1,0.95,0.95,0.94,0.85,1,1,1,0.5,1,0.43,1,1,0.96,1,1,1,1,0.77,1,1,0.92,0.92,0.6,0.6,0,0.17,0.1,0,0.5,0.4,0.33,0,0,1,0,0.5,0,0.1,0,0,0,0,1,1,0,1,0.5,0.1,1,0.96,0,0.43,0.99,0.21,0,0.03,0,0.17,0,0,0,0,0.25,0,0,0,0,0,0,0,0,0,0,0,0,0,0,0,0,0,0,0,0,0,0.33,0,0,0,0,0,0,0,0.08,0,0,0,0,0,0.4,0,0,0,0,0.5,1,1,1
"bin_s21.mtb27_sub",0.17,0.08,0.53,0.52,0,0,0.1,0.14,0.15,0.12,0,0.14,0,0,0.33,0,0,0.7,0.7,0,0,0.35,0.43,0.5,0.48,0.57,0.7,0,0,0,0.08,0,0,0,0,1,1,0.1,0.25,0.33,0.33,0,0,0,0,0,0,0,0,0,0.37,0,0,0,0,0,0,0,0,0.57,0.02,0,0,0.1,0.2,0.33,0.6,0.26,0,0,0.45,0,0.5,0.1,0.2,0,0,0,0.1,0,0,0,1,1,0,0.2,0,0,1,0.97,0.6,0.1,0,0.1,1,0.3,1,1,0.91,0.92,1,1,1,0.95,1,1,1,1,1,1,1,1,1,1,1,1,1,1,0.7,0.7,0,0,1,0,1,0.4,0.43,0,0,0.5,0,0,0,0.1,0,0,0,0,1,1,0.67,1,0.6,0.77,1,0.39,0,0.6,0.98,0.31,0,0.03,0,0.17,0,0,0,0,0.35,0.4,0,0,0,0,0,0,0,0,0,0,0,0,0,0,0,0,0.24,0,0,0,0.43,0,0,0,0.12,0,0,0,0.08,0,0,0,0,0.25,0.4,0,0.29,0,0,0.5,1,1,1
"bin_s21.mtb58",0.1,0,0.39,0.1,0,0,0.1,0,0,0,0,0,0,0,0,0,0,0.2,0.1,0,0,0.35,0.1,1,1,0.77,0.7,0,0,0,0.08,0,0,0,0,0.1,0.6,0.1,0.25,0,0.33,0,0,1,0,0,0,0.83,0,0,1,0.3,0,0,0,0,0,0,0,0.43,0.83,0,0,0.1,0.7,0,1,0.1,0,0,0.45,0,0.5,0.1,0.2,0,1,0,0.1,0,0,0,0.2,1,0,0.1,0,0,0.32,0.43,0.43,0.1,0,0.1,1,0.2,0.7,0.97,0.7,0.7,0.26,1,0.7,1,1,0.53,0.4,0.8,0.81,0.58,0.6,0.7,0.43,0.97,0.55,0,0.63,0.35,0.45,0.45,0,0,0.4,0,0.5,0.8,0,0,0,0,0,0,0,0.1,0,0,0,0,0.3,0.2,0,0.2,1,0.1,0.3,0.1,0,0.1,0.31,0.21,0,0,0,0.17,0,0,0,0,0.25,0,0,0,0,0,0,0,0,0,0,0,0,0,0,0,0,0,0,0,0,0,0,0,0,0,0,0,0,0,0,0,0,0,0,0,0.2,0,0,0.25,0,0,0.2,0.49,0.43
"bin_s21.mtb63",0.07,0.08,0,0.42,0,0,0,0.14,0.15,0.12,0,0.14,0,0,0,0,0,0,0.17,0,0,0.25,0,0,0.25,0.07,0,0,0,0,0.08,0,0,0,0,0,0.5,0,0,0,0,0,0,0,0,0,0,0,0,0,0,0,0,0,0,0,0,0,0,0,0,0,0,0,0,0,0.5,0.16,0,0,0.25,0,0,0,1,0,0,0,0,0,0,0,0,0,0,0,0,0,1,0.67,0.67,0.5,0.25,0.5,1,0,1,1,1,1,0.89,1,1,1,1,0.67,1,1,0.71,1,1,1,1,0.67,1,0,0.86,0.92,1,1,0.25,0,1,0,1,0.4,0.33,0,0,0,0,0,0,0,0,0,0,0,1,1,0,1,0.67,1,1,0,0,0,0.11,0.78,0,0.03,0,0.17,0,0,0,0,0.25,0,0,0,0,0,0,0,0,0,0,0,0,0,0,0,0,0,0.14,0,0,0,0.33,0,0,0,0,0,0,0,0.08,0,0,0,0,0,0.4,0,0,0,0,0,1,1,1
"bin_s21.mxb1",0.25,0.15,0.39,0.35,0.06,0.14,0.27,0.29,0.15,0.12,0,0.14,0,0.25,0,0,0,0.2,0.1,0,0,0.35,0.67,0.5,0.1,0.1,0.1,0.04,0,0,0.08,0.33,0,0,0,1,0.1,0.1,0,0,0,0,0,0,0,0,0,0,0,0,0.1,0,0,0,0,0,0,0,0,0,0,0,0,0.1,1,0,0.2,0.6,0,0,0.45,0,0,0.1,0.2,0,0,0,0.1,0,1,0,0.2,1,0,1,1,0,0.87,0.53,0.6,0.1,0,0.1,0.2,0.2,0.32,0.32,0.32,1,1,0.3,0.2,0.7,0.8,0.2,0.4,0.6,0.53,0.2,0.3,0.2,0.6,0.3,0.3,0,0.16,0.1,0.2,0.2,0,0.33,0.2,0,0,0.2,0.33,0,0,1,0,0,0,0.1,0,0,0,0,0.3,0.28,0,0.2,0.1,0.33,0.3,1,0,0.1,0.2,0.1,0,0.03,0,0,0,0,0,0,0,0,0,0,0,0,0,0,0,0,0,0,0,0,0,0,0,0,0,0,0,0,0,0,0,0,0,0,0,0,0,0,0,0,0,0,0.2,0,0,0,0,0,1,0.8,0.77
"bin_s21.mxb14",0,0,0,0,0,0,0,0,0,0,0,0,0,0,0,0,0.25,0,0.17,0.25,0,0,0,0,1,0.67,0.8,0,0,0,0.08,0,0,0,0,0.5,0.5,0,0,0,0.33,0,0,0,0,0,0,0,0,0,0.27,0,0,0,0,0,0,0,0,0.29,0,0,0,1,0.67,0,1,0.5,0,0,0.75,0,0,0.5,0,0.33,0,0,0,0,0,0,1,1,0,0,0,0,0.11,0.29,0.6,0.5,0.25,0.5,0,0,0.97,0.97,1,0.71,0.94,1,1,0.5,1,0.67,0.8,1,0.57,1,1,1,0.83,0.33,1,0.75,0.92,0.83,0.5,0.5,0,0.17,1,0,0,0.2,0.33,0,0,0.5,0,0.5,0,0,0,0,0,0,1,1,0,1,0.5,1,1,0,0,0.43,0.89,0.11,0,0.03,0,0.17,0,0,0,0,0.25,0,0,0,0,0,0,0,0,0,0,0,0,0,0,0,0,0,0,0,0,0,0.33,0,0,0,0,0,0,0,0.08,0,0,0,0,0,0.2,0,0.33,0,0,0.5,1,1,0.67
"bin_s21.mxb20_sub",0.25,0.31,0.29,0.52,0.06,0.43,0.17,0.29,0.23,0.12,0.38,0.43,0.17,0,0,0,0,0.6,0.17,0,0,0.25,0,1,0.75,0.53,0.7,0.04,0,0,0.08,0.33,0,0,0,0,0.6,0.1,0,0,0,0,0.5,0,0,0,0,0,0.34,0,1,0,0,0,0,0,0,0,0,0.29,0.33,0,0.5,0.1,0.67,0.33,1,0.5,0,0,0.6,0,0.5,0,0.1,0,1,0,0.1,0,0,0,1,0,0,0.1,0,0,1,0.77,0.77,0.33,0,0.1,0.1,0.1,0.85,1,0.85,1,1,1,1,1,1,0.77,1,1,0.96,1,1,1,1,1,0.6,0,0.83,1,0.35,0.35,0,0,1,0,0.5,1,0.33,0,0,0,0,0,0,0.1,0,0,0,0,0.83,1,0.67,1,1,1,0.7,0.87,0,0.14,0.32,0.11,0,0.03,0,0.17,0,0,0,0,0.25,0.2,0,0,0,0,0,0,0,0,0,0,0,0,0,0,0,0,0,0,0,0,0.33,0,0,0,0.06,0,0,0,0,0,0,0,0,0.25,0.4,0,0.14,0,0,0.5,1,1,1
"bin_s21.mxb8",0.07,0.08,0,0.42,0,0,0,0.14,0.15,0.12,0,0.14,0,0,0,0,0,0.5,0.17,0,0,1,0,0.5,0.75,0.47,0.8,0,0,0,0.08,0,0,0,0,0,0.5,0,0,0,0,0,0,1,0,0,0,0,0,0,0,0,0,0,0,0,0,0,0,0.43,0,0,0,0,0,0.33,1,0.16,0,0,0.25,0,0.5,0,0,0,0,0,0,0,0,0,0,0,0,0,0,0,1,0.67,0.67,0,0,0,1,0,0.93,1,1,1,0.94,1,1,1,1,1,1,1,1,1,1,1,1,1,1,0,0.92,0.92,0.25,0.25,0,0,1,0,1,0.4,0.33,0,0,0,0,0,0,0,0,0,0,0,1,1,0,1,1,0,1,0.14,0,0.36,0.67,0.11,0,0.03,0,0,0,0,0,0,0.25,0,0,0,0,0,0,0,0,0,0,0,0,0,0,0,0,0,0.14,0,0,0,0.33,0,0,0,0,0,0,0,0.08,0,0,0,0,0.25,0.4,0,0,0.25,0,0.5,1,1,1
"bin_s22.cct46",0.17,0.23,0.29,0.52,0.12,0.86,0.83,0.21,0.23,0.25,0,0.14,0.5,0,0,0,0,0.6,0.1,0,0,0.5,0,1,0.62,0.27,0.7,0,0,0,0.08,0,0,0,0,0,0.1,0.1,0,0,0,0,0,0,0,0,0,0,0,0,0,0,0,0,0,0,0,0,0,0.14,0.02,0,0,0,0.33,0,1,0,0,0,0.35,0,0,0,1,0,0,0,0,0,0,0,1,0,0,0.1,0,0,0.22,0.4,0.6,0.5,0.25,0.6,1,0.1,1,1,0.88,1,0.83,1,1,1,0.85,1,0.8,1,0.81,1,1,1,1,1,0.6,0,0.75,0.67,0.6,0.35,0,0,0.75,0,0,0.4,0.33,0,0,0,0,0,0,0.1,0,0,0,0,0.67,1,0,1,0.5,0.7,0.45,1,0,0,0.5,0.28,0,0.03,0,0.17,0,0,0,0,0.25,0,0,0,0,0,0,0,0,0,0,0,0,0,0,0,0,0,0.14,0,0,0,0.33,0,0,0,0,0,0,0,0.08,0,0,0,0,0,0.4,0,0,0,0,0,0,0.6,1
"bin_s23.cct16",0.81,0.77,0.57,0.67,0.19,0.86,0.83,0.43,0.38,0.25,0,0.29,0.5,0,0.67,0,0,0.5,0.17,0,0,1,0,0.5,1,0.67,0.8,0,0,0.17,0.08,0,0,0,0,1,1,0,0,0,0,0,0,0,0,0,0,0,0,0,0.25,0,0,0,0,0,0,0,0,0,0,0,0,0,1,0,1,0.5,0,0,0.5,0,1,0,1,0,0,0,1,1,0,0,1,0,0,1,0,0,1,0.67,0.67,0.5,0.25,0.5,1,1,0.81,1,1,0.88,1,1,1,0.75,1,1,1,1,1,1,1,1,1,1,1,0.8,1,1,0.75,1,0.25,0.17,1,0,0,0.4,0.33,0,0,0,0,0.5,0,0,0,0,0,0,1,1,0.33,1,0.83,1,1,0.29,0,0.57,0.89,0.89,0,0.03,0,0.17,0,0,0,0,0.25,0,0,0,0,0,0,0,0,0,0,0,0,0,0,0,0,0,0.14,0,0,0,0.33,0,0,0,0,0,0,0,0.08,0,0,0,0,0,0.4,0,0,0,0,0.5,1,1,1
"bin_s23.cct35",0.25,0.31,0.57,0.68,0.12,0.86,0.83,0.29,0.31,0.25,0.25,0.14,0.5,0,0.33,0,0.5,1,0.1,0.5,0.25,0.5,0.33,0,0,0.2,0.3,0.04,0,0,0.08,0.33,0,0,0,1,0.17,0.7,0.25,0,0.33,0,0,0,0,0,0,0,0,0,0.37,0,0,0,0,0,0,0,0,0.14,0,0,0,1,1,0,1,0.5,0,0,0.35,0,0,0,0.1,0,1,0,0.1,0,0,0,0,1,0,1,0,0,1,1,0.67,0.5,0,0.1,1,1,0.37,0.43,0.33,1,1,1,0.6,0.75,0.85,0.1,0.2,1,0.53,0.35,0.3,0.1,0.83,0.43,1,1,0.11,0,0.35,0.35,0,0,0.1,0,0,0.2,0.33,0,0,0,0,0,0,0.1,0,0,0,0,1,0.33,0,0.44,0,0.1,0.6,0.1,0,0,0.21,0,0,0.03,0,0,0,0,0,0,0.25,0,0,0,0,0,0,0,0,0,0,0,0,0,0,0,0,0,0.14,0,0,0,0.33,0,0,0,0,0,0,0,0.08,0,0,0,0,0,0.2,0,0,0,0,0,1,1,0.67
"bin_s23.cct40",0.3,0.54,0.71,0.58,0.25,0.86,0.83,0.5,0.92,0.25,0.62,0.86,0.83,0,0.67,0,0,0.5,0.5,0,1,0.75,0.67,0.5,0,0.2,0.2,0.04,0,0,0.08,0.33,0,0,0,1,0.17,0,0,0,0.33,0,0,0,0,0,0,0,0,0,0.07,0,0,0,0,0,0,0,0,0.14,0,0,0,0,1,0,1,0.5,0,0,0.25,0,0,0,0,0,1,0,0,0,0,0,1,1,0,0,0,0,1,1,0.67,0.33,0.25,0.5,1,1,0.4,1,0.33,1,1,1,0.5,0.75,0.75,0.67,0.8,1,0.57,1,1,1,0.71,1,1,0,0.06,0.08,0.5,0.5,0,0.33,1,0,0,0.2,0.33,0,0,0.5,0,0.5,0,0,0.12,0.12,0.1,0.1,1,1,0.33,1,0.17,0.33,0.8,0.95,0,0.04,0.11,0.22,0,0.03,0,0.17,0,0,0,0,0.25,0,0,0,0,0,0,0,0,0,0,0,0,0,0,0,0,0,0,0,0,0,0.33,0,0,0,0,0,0,0,0,0,0,0,0,0,0.2,0,0,0,0,0,1,1,0.67
"bin_s23.cct42",0.1,0,0,0.1,0,0,0,0,0,0,0,0,0,0,0,0,0,0.6,0,0,0,0.25,0,0,0,0,0.2,0,0,0,0.08,0,0,0,0,0,1,0.1,0,0,0.33,0,0,1,0,0,0,0,0,0,0,0,0,0,0,0,0,0,0,0,0,0,0,0,0.1,0,0.1,0,0,0,0.1,0,0,0,1,0,0,0,0,0,0,0,1,0,0,0.1,0,0,0.33,0.29,0.2,0.33,0.25,0.6,1,0,1,1,0.88,0.88,0.78,1,1,0.75,1,0.77,1,1,0.67,0.5,0.5,0.1,0.99,0.77,0.6,0,0.08,0.5,0.25,0.35,0,0,0.1,0,0,0.4,0.33,0,0,0,0,0,0,0.6,0,0,0,0,0.67,1,0,1,0.17,0.5,0.55,0.1,0,0,1,0.22,0,0.03,0,0,0,0,0,0,0.25,0,0,0.17,0,0,0,0,0,0,0,0,0,0,0,0,0,0,0,0,0,0,0.33,0,0,0,0,0,0,0,0.08,0,0,0,0,0,0.4,0,0,0,0,0,1,0.8,1
"bin_s23.cct8",0.11,0.38,0.43,0.67,0.69,0.86,0.83,0.29,0.54,0.38,0.38,0.86,0.67,0.5,0.33,0,0.5,0.5,0.5,0.75,0.75,1,0.67,0.5,0,0,0,0.04,0,0,0.08,0.33,0,0,0,1,0,0,0,0,0.33,0.33,0,1,0,0,0,0,0,0,0,0,0,0,0,0,0,0,0,0.14,0,0,0,0,1,0,1,1,0,0,0.25,0,0,0,0,0,0,0,0,0,1,0,1,1,0,1,1,0,1,0.67,0.75,0.33,0.25,0.5,0,0,0.29,1,0.33,1,0.94,1,0.5,0.75,0.75,0.33,1,1,0.86,1,1,1,1,1,1,0,0.06,0,0.5,0.5,0,0,1,0,0.5,0.4,0.33,0,0,1,0,0,0,0,0,0,0,0,1,0.33,0.33,0.16,0.17,0.33,0.4,1,0.25,0,0,0.22,0,0.03,0,0.17,0,0,0,0,0.25,0,0,0,0,0,0,0,0,0,0,0,0,0,0,0,0,0,0.14,0,0,0,0.33,0,0,0,0,0,0,0,0.08,0,0,0,0,0,0.4,0,0,0,0,0,1,1,1
"bin_s23.vmb19",0.19,0.46,0.43,0.67,0.12,0.86,0.83,0.29,0.31,0.25,0.25,0.86,0.5,0.5,0.33,0,0.5,1,1,0.5,0.25,0.75,0.67,0,0,0,0,0.04,0,0,0.08,0.33,0,0,0,1,0,0.8,0.25,0,0,0,0,0,0,0,0,0,0,0,0.27,0,0,0,0,0,0,0,0,0,0.02,0,0,0,1,0,0.5,0.5,0.5,0,0.25,0,0,0,0,0,0,0,0,0,1,0,1,1,0,1,1,0,1,0.67,0.67,0,0,0,1,0,0.35,1,0.67,0.75,0.94,1,0,0.25,0.75,0.33,0.8,1,0.71,1,1,1,0.83,1,1,0,0.78,0.83,0.25,0.25,0,0,1,0,0,0.2,0.33,0,0,0,0,0,0,0,0,0,0,0,0.12,0.33,0,0.34,0.17,0,0.6,0.14,0,0,0.11,0,0,0.03,0,0,0,0,0,0,0.25,0,0,0,0,0,0,0,0,0,0,0,0,0,0,0,0,0,0,0,0,0,0.33,0,0,0,0,0,0,0,0,0,0,0,0,0,0.2,0,0,0,0,0,1,1,0.67
"bin_s23.vmb39",0.19,0.46,0.71,0.75,0.5,0.86,1,0.64,0.38,0.25,0.62,0.86,0.67,0.25,0.67,0,0,0.5,0.5,0,0,0.75,0.67,0,0,0,0,0,0,0,0.08,0,0,0,0,1,0,0.1,0,0,0.33,0,0,0,0,0,0,0,0,0,0,0,0,0,0,0,0,0,0,0,0,0,0,0,1,0,1,0.5,0.5,0,0.35,0,0,0,0.1,0,0,0,0,0,1,0,1,1,0,1,1,0,0.67,0.33,0.67,0,0,0,1,1,0.2,0.2,0.12,1,0.94,1,0.5,0.75,0.75,0.1,0.4,1,0.53,0.25,0.5,0.1,0.96,0,0.5,0,0.06,0,0,0,0,0,0,0,0,0.4,0.33,0,0,1,0,0,0,0.1,0,0,0,0,1,0.33,0,0.16,0,0,1,0,0.25,0,0.1,0.22,0,0.03,0,0.17,0,0,0,0,0.25,0,0,0,0,0,0,0,0,0,0,0,0,0,0,0,0,0,0,0,0,0,0.33,0,0,0,0,0,0,0,0.08,0,0,0,0,0,0.4,0,0,0,0,0,1,1,1
"bin_s24.cct14",0.17,0.08,0.39,0.52,0,0,0,0.14,0.15,0.12,0,0.14,0,0,0,0,0,0.6,0.1,0,0,0.35,0.33,0,0.1,0,0.1,0,0,0,0.08,0,0,0,0,1,0.1,0.1,0.25,0,0,0,0,0,0,0,0,0,0,0,0.1,0,0,0,0,0,0,0,0,0,0,0,0,0.1,0.1,0,0.1,0,0,0,0.1,0,0,0,0.1,0,0,0,0.1,0,0,0,1,0,0,0.1,0,0,0.43,0.14,0.1,0,0,0.1,0.1,0.2,0.1,0.53,0.2,0.22,0.1,1,0.1,0.6,0.35,0.1,0.1,0.2,0.1,0.35,0.4,0.1,0.1,0.53,0.2,0,0.16,0,0.1,0.1,0,0,0.1,0,0,0,0,0,0,0,0,0,0,0.1,0,0,0,0,0.2,0.35,0.33,0.26,0,0.1,0.1,0.1,0,0,0.1,0.1,0,0.03,0,0,0,0,0,0,0,0,0,0,0,0,0,0,0,0,0,0,0,0,0,0,0,0,0,0,0,0,0.33,0,0,0,0,0,0,0,0,0,0,0,0,0,0,0,0,0,0,0,0.1,0.1,0
"bin_s24.cct31",0.81,0.77,0.71,0.75,0.19,0.86,0.83,0.5,0.46,0.25,0.25,0.29,0.5,0.25,0.33,0,1,1,1,1,1,1,1,0,0.5,0.47,0.6,0,0,0,0.08,0,0,0,0,1,1,0.67,0.25,0,0.33,0,1,0,0,0,0,0,0,0,0.67,0,0,0,0,0,0,0,0,0.86,1,0,0,0,1,0.33,1,0.5,1,0,0.25,0,1,0,1,0.33,0,0,1,0,0,0,0,0,0,1,0,0,1,1,0.67,0.33,0.25,0.5,0,1,1,1,0.88,1,0.89,1,1,1,1,1,1,1,0.86,1,1,0.67,0.89,0.67,0.75,0.6,0.83,0.75,0.5,0.5,0.75,0.17,1,0,0.5,0.4,0.33,0,0,1,0,0,0,0.5,0,0,0,0,1,1,0.67,0.5,1,0.25,0.6,0.43,0,0.36,0.67,0.72,0,0.03,0,0,0,0,0,0,0.25,0,0,0,0,0,0,0,0,0,0.08,0,0,0,0,0,0,0,0.14,0,0,0,0.33,0,0,0,0,0,0,0,0.17,0,0,0,0,0,0.4,0,0,0,0,0.5,1,1,1
"bin_s24.mtb2_sub",0.29,0.38,0.53,0.85,0.25,0.14,0.93,0.64,0.46,0.25,0,0.71,0,0.5,0,0,0,0.7,1,0,0,0.85,0.67,0.5,0.22,0.3,0.3,0,0,0,0.08,0,0,0,0,1,0.33,0.35,0.25,0,0.33,0,0,1,0,0,0,0,0,0,0.17,0,0,0,0,0,0,0,0,0.29,0,0,0,0.1,1,0.33,1,0.6,0.5,0,0.45,0,0,0.1,0.2,0,1,0,0.1,0,1,0,1,1,0,1,1,0,1,0.87,0.87,0.1,0,0.1,1,0.2,0.5,0.97,0.45,1,1,1,0.2,0.95,1,0.53,0.6,1,0.81,0.2,0.5,0.2,0.96,0.97,0.8,1,0.16,0.1,0.2,0.2,0,0.33,0.2,0,0,0.4,0.33,0,0,1,0,0.5,0,0.1,0,0,0,0,1,0.53,0.33,0.36,0.1,0.33,0.7,1,0.25,0.1,0.31,0.1,0,0.03,0,0,0,0,0,0,0.25,0,0,0,0,0,0,0,0,0,0,0,0,0,0,0,0,0,0,0,0,0,0.33,0,0,0,0,0,0,0,0.08,0,0,0,0,0,0.4,0,0.33,0,0.33,0,1,1,1
"bin_s24.vmb3",0.81,0.69,0.29,0.58,0.12,0.14,0.83,0.43,0.31,0.25,0,0.29,0,0,0,0,0.25,1,0,0.25,0,0.75,0.67,0,0,0.2,0.2,0,0,0,0.08,0,0,0,0,1,0.17,0.6,0.25,0,0.33,0,0,0,0,0,0,0,0,0,0.27,0,0,0,0,0,0,0,0,0.14,0,0,0,0,1,0,1,0.5,0,0,0.25,0,0,0,0,0,1,0,0,0,1,0,0,1,0,1,1,0,1,1,0.67,0.5,0,0,1,1,0.17,0.25,0.1,1,0.72,0,1,1,1,0.33,0.8,0.67,0.57,0.25,0.2,0,0.83,0,1,1,0.11,0.17,0.25,0.25,0,0,0,0,0,0.2,0.33,0,0,0,0,0,0,0,0,0,0,0,1,0.33,0,0.34,0,0,0.6,0,0,0,0.11,0,0,0.03,0,0,0,0,0,0,0.25,0,0,0,0,0,0,0,0,0,0,0,0,0,0,0,0,0,0.14,0,0,0,0.33,0,0,0,0,0,0,0,0,0,0,0,0,0,0.2,0,0,0,0,0,1,0.8,0.67
"bin_s27.mtb27",0,0,0,0,0,0,0,0,0,0,0,0,0,0,0,0,0,0,0,0,0,0,0,0.5,0.25,0.2,0.2,0,0,0,0.08,0,0,0,0,0.5,0.5,0.75,0.25,0,0.33,0,0,0,0,0,0,0,0,0,0.2,0,0,0,0,0,0,0,0,0,0,0,0,1,0.33,0,1,0.16,0,0,0.25,0,0,0.5,0,0,1,0,0,0,0,0,1,1,0,0,0,0,0.5,0.67,0.67,0.33,0.25,0.5,0,0,0.95,1,0.72,0.79,0.83,1,1,1,1,0.33,0.8,1,0.71,0.75,1,1,0.67,1,0.75,1,0.58,0.83,0.25,0.25,0,0.33,1,0,0,0.2,0.33,0,0,0.5,0,0.5,0,0,0,0,0,0,1,1,0,0.5,0.5,0,0.8,0,0,0.36,0.67,0.11,0,0.03,0,0,0,0,0,0,0.25,0.2,0,0,0,0,0,0,0,0,0,0,0,0,0,0,0,0,0,0,0,0,0.33,0,0,0,0.06,0,0,0,0,0,0,0,0,0,0.2,0,0.14,0,0,0,1,1,0.67
"bin_s27.mtb32",0.07,0.08,0.43,0.42,0,0,0,0.14,0.15,0.12,0,0.14,0,0,0,0,0,0.5,0.5,0,0,0.25,0.33,0.5,0.38,0.27,0.4,0,0,0,0.08,0,0,0,0,1,1,0,0.25,0.33,0.33,0,0,0,0,0,0,0,1,0,0.75,0,0,0,0,0,0,0,0,0.57,0.02,0,0,0,0.5,0.33,0.5,0.5,0,0,0.5,0,0.5,0,0,0,0,0,0,0,0,0,1,1,0,0,0,0,1,0.67,0.67,0,0,0,1,0,0.93,1,0.83,1,0.94,1,0.5,1,1,1,1,1,1,1,1,1,1,1,1,1,0.92,0.92,0.5,0.5,0,0,1,0,1,0.4,0.33,0,0,0.5,0,0,0,0,0,0,0,0,1,1,0.67,1,0.5,0.67,0.8,0.29,0,0.5,0.78,0.11,0,0.03,0,0.17,0,0,0,0,0.25,0.2,0,0,0,0,0,0,0,0,0,0,0,0,0,0,0,0,0.14,0,0,0,0.33,0,0,0,0.06,0,0,0,0,0,0,0,0,0.25,0.4,0,0.14,0,0,0.5,1,1,1
"bin_s27.mtb39",0.07,0.08,0,0.75,0,0,0,0.14,0.15,0.12,0,0.14,0,0,0,0,0,1,0,0,0,0.25,0.67,0,0.25,0.07,0.2,0,0,0,0.08,0,0,0,0,1,0,0,0,0,0,0,0,0,0,0,0,0,0,0,0,0,0,0,0,0,0,0,0,0,0,0,0,0,0.33,0,1,0.16,0,0,0.25,0,1,0,1,0,0,0,0,0,0,0,1,0,0,0,0,0,1,0.67,0.67,0.33,0.25,0.5,0,0,0.83,0.83,1,1,0,1,1,1,1,1,1,1,0.86,1,1,1,0.89,0.67,0.5,0,0.08,1,0.5,0.5,0,0,0,0,0,0.6,0.33,0,0,0,0,0.5,0,0,0,0,0,0,0.38,0.33,0,0.16,0.17,0.25,1,0,0,0.57,1,1,0,0.03,0,0.17,0,0,0,0,0.25,0,0,0,0,0,0,0,0,0,0,0,0,0,0,0,0,0,0,0,0,0,0.33,0,0,0,0,0,0,0,0.17,0,0,0,0,0,0.4,0,0,0,0,0.5,1,1,1
"bin_s27.mxb11_sub",0.21,0.31,0.39,0.77,0.12,0.29,0.93,0.21,0.31,0.25,0,0.14,0.33,0,0,0,0.25,0.6,0.1,0.5,0,0.35,0.67,0.5,0.1,0,0.1,0,0,0,0.08,0,0,0,0,0.1,0.1,0.1,0,0,0,0,0,1,0,0,0,0,0,0,0.1,0,0,0,0,0,0,0,0,0,0,0,0,0.1,1,0,0.2,1,0,0,0.45,0,0,0.1,0.2,0,0,0,0.1,0,1,0,1,1,0,0.1,1,0,1,0.77,0.77,0.5,0.25,0.6,0.1,0.2,0.3,1,0.22,1,1,1,0.2,0.85,0.95,0.77,0.3,0.33,0.39,0.2,0.5,0.2,0.6,1,0.95,0,0.16,0.1,0.1,0.2,0,0.33,0.2,0,0.5,0.2,0.33,0,0,0.5,0,0,0,0.1,0,0,0,0,0.3,0.43,0,0.1,0.17,0.1,0.5,0.96,0,0.1,0.1,0.1,0,0.03,0,0,0,0,0,0,0,0,0,0,0,0,0,0,0,0,0,0,0,0,0,0,0,0,0,0,0,0,0.33,0,0,0,0,0,0,0,0.08,0,0,0,0,0,0.2,0,0,0,0,0,1,0.7,0.77
"bin_s27.vmb3_sub",0.25,0.15,0.39,0.52,0,0,0,0.14,0.23,0.62,0,0.14,0,0,0.67,0,0,1,0.1,0,0,0,0.33,0,0.62,0.47,0.5,0,0,0,0.08,0,0,0,0,0.5,0.6,0.5,0,0,0,1,0,0,0,0,0,0,0,0,0.1,0,0,0,0,0,0,0,0,0.71,0,0,0,0.1,0.33,0,0.5,0.16,0,0,0.35,0,0.75,0,1,0,0,0,0.1,0,0,0,0.1,0,0,0.1,0,0,1,0.77,0.77,0,0,0.1,1,0.1,1,1,1,1,0.93,1,1,1,1,1,0.9,0.6,0.96,0.6,1,1,1,1,1,1,1,0.92,0.6,0.6,0,0.33,0.9,0,0,0.6,0.33,0,0,0.5,0,0,0,0.1,0,0,0,0,1,1,0,0.76,0.33,0.33,0.8,0.1,0,0,0.32,0.43,0,0.03,0,0.17,0,0,0,0,0.25,0,0,0,0,0,0,0,0,0,0,0,0,0,0,0,0,0,0,0,0,0,0.33,0,0,0,0,0,0,0,0.08,0,0,0,0,0,0.4,0,0,0,0,0,1,1,1
"bin_s27.vmb32",0,0,0,0,0,0,0,0,0,0,0,0,0,0,0.33,0,0,0,0.17,0,0,0,0,0,1,0.67,0.8,0,0,0,0.08,0,0,0,0,0.5,0.5,0.25,0.25,0,0.33,0,0,0,0,0,0,0,0,0,0.27,0,0,0,0,0,0,0,0,0.14,0,0,0,1,0.5,0,1,0.5,0,0,0.5,0,0,0.5,1,0.33,0,0,0,0,0,0,1,1,0,0,0,0,0.11,0.29,0.6,0.33,0.25,0.5,0,0,1,1,1,0.75,0.94,1,1,0.5,1,0.67,0.8,1,0.57,1,1,1,0.83,1,1,0,1,0.67,0.5,0.5,0,0.33,1,0,0,0.2,0.33,0,0,1,0,0.5,0,0,0,0,0,0,1,1,0,1,0.5,0.67,0.8,0.57,0,0.43,0.89,0.11,0,0.03,0,0.17,0,0,0,0,0.25,0,0,0,0,0,0,0,0,0,0,0,0,0,0,0,0,0,0.14,0,0,0,0.33,0,0,0,0,0,0,0,0.08,0,0,0,0,0,0.2,0,0,0,0,0.5,1,1,0.67
"bin_s27.vmb37",0.15,0.31,0.29,0.25,0.12,0.29,0.83,0.29,0.23,0.25,0.25,0.14,0.5,0,0.33,0,0,0.5,1,0,0,0.75,0,0.5,0,0,0,0,0,0,0.08,0,0,0,0,1,0,0.1,0,0,0.33,0,0,0,0,0,0,0,0,0,0.2,0,0,0,0,0,0,0,0,0,0,0,0,0,1,0,0.5,0.5,0,0,0.35,0,0,0,0.1,0,0,0,0,0,0,0,0,0,0,0.1,0,0,1,0.67,0.67,0.33,0,0,1,1,0.3,0.3,0.19,0.12,0.89,1,0.5,0.75,0.75,0.43,0,1,0.24,0,0.3,0.1,0.24,0,1,0,0,0,0,0,0,0,0,0,0,0,0.33,0,0,0,0,0,1,0.1,0,0,0,0,0.2,0.33,0,0,0.17,0,0.4,0,0,0,0.1,0,0,0.03,0,0,0,0,0,0,0.25,0,0,0,0,0,0,0,0,0,0,0,0,0,0,0,0,0,0,0,0,0,0.33,0,0,0,0,0,0,0,0,0,0,0,0,0,0,0,0,0,0,0,0,0,0.33
"bin_s28.cct16",0.07,0.08,0,0.42,0,0,0,0.14,0.15,0.12,0,0.14,0,0,0,0,0,0,0.17,0,0,0.25,0,0.5,1,0.73,0.8,0,0,0,0.08,0,0,0,0,0.5,0.5,0,0,0,0,0,0,0,0,0,0,0,0,0,0.2,0,0,0,0,0,0,0,0,0.14,0.17,0,0,0,0.5,0,0.5,0.5,0,0,0.5,0,0,0,1,0,0,0,0,0,0,0,0,0,0,0,0,0,1,0.67,0.67,0,0,0,1,0,0.91,1,1,1,0.94,1,1,1,1,1,0.8,1,0.57,1,1,1,0.83,1,1,0.25,0.95,0.92,1,1,0.25,0.17,1,0,0,0.2,0.33,0,0,0,0,0.5,0,0.5,0,0,0,0,0.83,1,0.33,1,1,1,0.8,0.86,0,0,0.11,1,0,0.03,0,0.17,0,0,0,0,0.25,0,0,0,0,0,0,0,0,0,0,0,0,0,0,0,0,0,0.14,0,0,0,0.33,0,0,0,0,0,0,0,0.17,0,0,0,0,0,0.2,0,0,0,0,0,1,1,0.67
"bin_s28.cct47",0.07,0.08,0.29,0.58,0.06,0.14,0.17,0.21,0.15,0.12,0,0.14,0.33,0,0.33,0,0,0.5,0,0,0,0.75,0.33,0.5,0,0,0,0.04,0,0,0.08,0.33,0,0,0,1,0,0.1,0.25,0,0.33,0,0,0,0,0,0,0,0,0,0.2,0,0,0,0,0,0,0,0,0,0,0,0,0,1,0,0.5,0.5,0,0,0.35,0,0,0,0.1,0,0,0,0,0,0,0,0,1,0,1,0,0,1,0.67,0.5,0.33,0,0,1,1,0.3,0.3,0.19,0.12,0.89,1,0.5,0.75,0.75,0.43,0,1,0.24,0,0.1,0.1,0.1,0,0.5,0,0,0,0,0,0,0,0,0,0,0,0.33,0,0,0,0,0,1,0.1,0,0,0,0,0.2,0.33,0,0,0.17,0,0.4,0,0,0,0.1,0,0,0.03,0,0,0,0,0,0,0.25,0,0,0,0,0,0,0,0,0,0,0,0,0,0,0,0,0,0,0,0,0,0.33,0,0,0,0,0,0,0,0,0,0,0,0,0,0,0,0,0,0,0,0,0,0
"bin_s28.cct48",0.07,0.08,0,0.42,0,0,0,0.14,0.15,0.12,0,0.14,0,0,0,0,0,0.5,0,0,0,0.25,0,0,0.25,0.07,0.2,0,0,0.17,0.08,0,0,0,0,0,0,0,0,0,0,0,0,1,0,0,0,0,0,0,0.2,0,0,0,0,0,0,0,0,0.31,0,0,0,0,0,0,0,0,0,0,0.25,0,0,0,1,0,1,0,0,0,0,0,1,0,0,1,0,0,0.11,0.2,0.6,0.33,0.25,0.5,1,0,0.95,0.95,0.84,0.94,0.72,1,0.5,1,1,0.33,0.6,1,0.71,0.25,0.4,0,1,0.67,0,1,0,0,0.25,0.25,0,0.17,0.6,0,0,0.2,0.33,0,0,0.5,0,0,0,0.5,0,0,0,0,0.88,0.75,0,1,0.33,0.4,0.55,0,0,0.18,0.44,0.11,0,0.03,0,0.17,0,0,0,0,0.25,0,0,0,0,0,0,0,0,0,0,0,0,0,0,0,0,0,0,0,0,0,0.33,0,0,0,0,0,0,0,0.08,0,0,0,0,0,0.4,0,0.33,0,0,0,1,0.6,1
"bin_s28.cct63_sub",0.1,0,0.1,0.1,0,0,0.1,0,0,0,0,0,0,0,0.33,0,0.2,0.2,0.2,0,0.5,0.1,0.1,0,0.48,0.3,0.5,0.04,0,0,0,0.33,0,0,0,0.6,0.1,0.43,0.25,0,0,0,0.5,0,0,0,0,0.33,0,0,0.3,0,0,0,0,0,0,0,0,0.26,0,0,0,0.1,0.2,0.33,0.2,0.1,0,0,0.2,0,0.25,0.1,0.2,1,0,0,0.1,0,0,0,1,1,0,0.1,0,0,0.32,0.43,0.4,0.33,0,0.1,0.2,0.2,0.63,0.95,0.53,0.53,0.59,1,0.7,0.2,0.55,0.87,0.6,0.3,0.39,0.82,0.95,0.7,0.77,0.63,1,0.25,0.16,0.27,0.7,0.45,0.25,0.17,0.6,0,0.5,0.2,0,0,0,0.5,0,0,0,0.1,0,0,0,0,0.77,0.28,0,0.54,1,0.5,0.3,0.1,0,0.1,0.31,0.1,0,0,0,0.17,0,0,0,0,0,0,0,0,0,0,0,0,0,0,0,0,0,0,0,0,0,0,0,0,0,0,0,0,0,0,0,0,0,0,0,0,0,0,0,0,0.2,0,0,0,0,0,0.2,0.49,0.77
"bin_s28.mtb8",0.07,0.08,0,0.42,0,0,0,0.14,0.15,0.12,0,0.14,0,0,0,0,0,0.5,0,0,0,0.25,0,0,0,0,0,0,0,0,0.08,0,0,0,0,0,0,0,0,0,0,0,0,0,0,0,0,0,0,0,0,0,0,0,0,0,0,0,0,0.14,0,0,0,0,0,0,0,0.16,0,0,0,0,0,0,1,0,0,0,0,0,0,0,0,0,0,0,0,0,1,0.67,0.33,0,0,0,1,0,0.15,0.5,0.08,0.12,0.89,1,0.5,0.5,0.75,0,0.4,0.33,0.29,0,0,0,0.86,0,0,0,0,0,0,0,0,0,0,0,0,0.4,0.33,0,0,0,0,0,0,0,0,0,0,0,0.5,1,0,0,0,0.2,0.17,0,0,0,0.83,0.17,0,0.03,0,0,0,0,0,0,0,0,0,0.17,0,0,0,0,0,0,0,0,0,0,0,0,0,0,0,0,0,0,0.33,0,0,0,0,0,0,0,0,0,0,0,0,0,0.4,0,0,0,0,0,0,0.6,1
"bin_s28.mxb31",0.1,0,0,0.1,0,0,0,0,0,0,0,0,0,0,0,0,0,0.1,0.1,0,0,0,0,0,0,0,0.1,0,0,0,0,0,0,0,0,0,0.1,0.1,0,0,0,0,0,0,0,0,0,0,0,0,0,0,0,0,0,0,0,0,0,0,0,0,0,0,0.1,0,0.1,0,0,0,0.1,0,0,0,0.1,0,0,0,0,0,0,0,0,0,0,0.1,0,0,0.1,0,0.1,0,0,0.1,1,0.1,0,0.43,0.1,0,0,1,1,0.5,0.6,0.1,0,0.5,0.1,0,0.1,0.1,0.1,0.43,0.1,0,0,0,0.1,0.1,0,0,0.1,0,0,0,0.33,0,0,0,0,0,0,0.1,0,0,0,0,0.2,0.33,0,0,0,0.1,0.4,0.1,0,0,0.1,0,0,0.03,0,0,0,0,0,0,0,0,0,0,0,0,0,0,0,0,0,0,0,0,0,0,0,0,0,0,0,0,0.33,0,0,0,0,0,0,0,0,0,0,0,0,0,0,0,0,0,0,0,0,0,0
"bin_s28.mxb37_sub",0.17,0.08,0.1,0.52,0.06,0,0.1,0.14,0.15,0.12,0,0.14,0,0,0,0,0,0.2,0.17,0,1,0.85,0.1,0,0.6,0.5,0.9,0,0,0,0.08,0,0,0,0,0.6,0.6,0.35,0.25,0,0.33,0,0,1,0,0,0,0,0,0,0.1,0,0,0,0,0,0,0,0,1,0.02,0,0,0.1,1,0,0.7,0.6,0.5,0,0.45,0,1,0.1,1,0,0,0,0.1,0,0,0,0.2,0,0,0.1,0,0,0.8,0.53,0.35,0.1,0,0.1,0.2,0.3,0.62,0.97,0.62,0.82,0.52,0.3,0.7,0.7,0.55,0.53,0.8,0.8,0.63,1,1,0.87,0.76,0.97,0.8,1,1,0.85,0.2,0.2,0,0,0.6,0,0.5,0.2,0.43,0,0,1,0,0,0,0.1,0,0,0,0,0.98,0.95,0.33,1,0.77,0.93,0.9,0.24,0,0.49,0.87,0.71,0,0.03,0,0,0,0,0,0,0.25,0,0,0,0,0,0,0,0,0,0,0,0,0,0,0,0,0,0,0,0,0,0.43,0,0,0,0,0,0,0,0.17,0,0,0,0,0,0.2,0,0,0,0,0,0.2,0.6,0.77
"bin_s28.vmb45",0.25,0.31,0.53,0.52,0.12,0.86,0.83,0.29,0.31,0.25,0.25,0.14,0.67,0,0.33,0,0,0.6,1,0,0,0.75,0,0.5,0,0.2,0.3,0,0,0,0.08,0,0,0,0,1,0.17,0.5,0,0,0.33,0,0,0,0,0,0,0,0,0,0.1,0,0,0,0,0,0,0,0,0.14,0,0,0,0.1,1,0,1,0.5,0,0,0.35,0,0,0,0.1,0,1,0,0.1,0,0,0,1,1,0,0.1,0,0,1,1,0.5,0.33,0.25,0.6,1,0.1,0.47,0.5,0.39,1,1,1,0.6,0.75,0.85,0.43,0.5,1,0.53,0.1,0.2,0.1,0.81,0.43,0.6,1,0.06,0,0.1,0.1,0,0.17,0.1,0,0.5,0.4,0.33,0,0,1,0,0.5,0,0.1,0.12,0.12,0.1,0.1,1,0.33,0,1,0,0.1,0.8,1,0.25,0,0.1,0.1,0,0.03,0,0,0,0,0,0,0.25,0,0,0,0,0,0,0,0,0,0,0,0,0,0,0,0,0,0.14,0,0,0,0.33,0,0,0,0,0,0,0,0.08,0,0,0,0,0,0.4,0,0.33,0,0,0,1,1,1
"bin_s28.vmb7",0.17,0.31,0.53,0.68,0.12,0.86,0.43,0.21,0.23,0.25,0.38,0.86,0.5,0.25,0.67,0,0,0.7,0.1,0,0,0.85,0.67,0,0.1,0.3,0.3,0.04,0,0,0.08,0.33,0,0,0,1,0.1,0.1,0,0,0.33,0,0,0,0,0,0,0,0,0,0.1,0,0,0,0,0,0,0,0,0.14,0,0,0,0.1,0.7,0,0.2,0.26,0,0,0.2,0,0,0.1,0.2,0,1,0,0.1,0,0,0,1,1,0,0.1,0,0,1,0.87,0.87,0.43,0.25,0.6,1,0.2,0.62,1,0.62,1,1,1,0.7,1,1,0.53,1,1,0.96,0.95,1,1,1,1,1,0,0.93,0.93,0.7,0.7,0,0.17,1,0,0,0.4,0.33,0,0,0.5,0,0.5,0,0.1,0,0,0,0,0.3,0.53,0,0.2,0.1,0.33,0.9,0.24,0,0.1,0.31,0.1,0,0.03,0,0.17,0,0,0,0,0.25,0,0,0,0,0,0,0,0,0,0,0,0,0,0,0,0,0,0,0,0,0,0.33,0,0,0,0,0,0,0,0,0,0,0,0,0,0.4,0,0,0,0,0,1,1,1
"bin_s3.mtb7",0,0,0.43,0,0.06,0.14,0.17,0.07,0,0,0,0,0,0,0,0,0,0,0,0,0,0.25,0.33,0,0,0,0,0,0,0,0.08,0,0,0,0,1,0,0.2,0,0,0,0,0,0,0,0,0,0,0,0,0.27,0,0,0,0,0,0,0,0,0.14,0,0,0,0,1,0,0.5,0.5,0,0,0.25,0,0,0,0,0,0,0,0,0,0,0,0,1,0,0,0,0,1,0.67,0.5,0.5,0,0,1,1,0.17,0.33,0.1,0.12,0,1,0.5,0.75,0.75,0,0,1,0,0,0,0,0,0.33,0,1,0,0,0,0,0,0,0,0,0,0,0.33,0,0,0,0,0,0,0,0,0,0,0,0.12,0.33,0,0,0.17,0,0.6,1,0,0,0,0,0,0.03,0,0,0,0,0,0,0.25,0,0,0,0,0,0,0,0,0,0,0,0,0,0,0,0,0,0,0,0,0,0.33,0,0,0,0,0,0,0,0,0,0,0,0,0,0,0,0.33,0,0,0,0,0,0
"bin_s31.cct37_sub",0.17,0.08,0.1,0.85,0,0.1,0.1,0.14,0.15,0.22,0,0.14,0,0,0,0,0.2,0.3,0.2,0,0,0.45,0.1,0.67,0.85,0.77,0.9,0.16,0.13,0.35,0.58,0,0,0.06,0,0.2,0.6,0.2,0,0,0,0,0,1,0.67,0.67,0,0,0.16,0,1,0,0,0,0,0.17,0,0,0,0.14,0,0,0,1,0.3,0,1,0.26,0,0,0.2,0,0.5,0.1,1,0.33,0,0,0.1,1,0,0,0.3,0,0,1,0,0,0.9,0.63,0.87,0.43,0.25,0.6,1,0.3,1,1,1,1,1,0.5,1,1,1,1,1,1,0.91,1,1,1,1,1,1,1,0.98,1,1,1,0.25,0.33,0.95,0,1,0.4,0.43,0,0,0,0,0,0,0.1,0,0,0,0,0.87,1,0.33,1,0.93,0.8,1,0.81,0,0.1,0.31,0.64,0,0.03,0,0.17,0,0,0,0,0.35,0,0,0,0,0,0,0,0,0,0,0,0,0,0,0,0,0,0.24,0,0,0,0.43,0,0,0,0,0,0,0,0.08,0,0,0,0,0,0.4,0,0,0.25,0,0,1,1,1
"bin_s31.cct6_sub",0,0.08,0,0,0.12,0.14,0.33,0.14,0.08,0.12,0,0,0,0.75,0.33,0,0,0.5,0,0,0,0.25,0.67,0,0,0,0.2,0,0,0,0.08,0,0,0,0,1,1,0.4,0,0,0.33,0,0,0,0,0,0,0,0,0,0.27,0,0,0,0,0,0,0,0,0,0,0,0,1,0,0,1,0.16,0,0,0,0,1,0,0,0,1,0,0,0,0,0,0,1,0,0,0,0,1,1,0.67,0,0,0,1,0,1,1,1,0.83,0.94,1,1,0.75,1,0,1,1,0.86,0.75,1,0.67,0.83,1,0.5,1,0.75,0.58,0.25,0.5,0,0,0.75,0,0,0.4,0.33,0,0,0.5,0,0,0,0,0,0,0,0,1,1,0,1,1,0.33,0.8,0.18,0,0.36,0.67,0.11,0,0.03,0,0.17,0,0,0,0,0.25,0,0,0,0,0,0,0,0,0,0,0,0,0,0,0,0,0,0,0,0,0,0.33,0,0,0,0,0,0,0,0,0,0,0,0,0,0.4,0,0,0,0,0.5,1,1,1
"bin_s31.mxb16_sub",0.1,0,0.1,0.1,0,0,0.1,0,0,0,0,0,0,0,0.33,0,0,0.2,0.2,0,0,0.1,0.1,0,0.1,0.1,0.1,0,0,0,0,0,0,0,0,0.1,0.1,0.1,0,0,0,0,0,0,0,0,0,0,0,0,0.1,0,0,0,0,0,0,0,0,0.14,0,0,0,0.1,0.43,0,0.2,0.1,0,0,0.45,0,0.5,0.6,0.2,0,0,0,0.1,0,0,0,0.2,0,0,1,0,0,0.4,0.3,0.4,0.43,0.25,0.6,0.2,1,0.42,0.45,0.4,0.61,0.4,1,0.8,0.7,0.65,0.53,0.8,0.4,1,0.3,1,1,0.63,0.3,0.3,0.25,0.53,0.68,0.45,0.7,0,0.17,0.2,0,0.5,0.2,0.1,0,0,0.5,0,0,0,0.1,0,0,0,0,0.8,0.7,0,1,0.6,0.1,0.6,0.2,0,0.1,0.2,0.2,0,0.03,0,0.17,0,0,0,0,0.1,0,0,0,0,0,0,0,0,0,0,0,0,0,0,0,0,0,0.1,0,0,0,0.43,0,0,0,0,0,0,0,0.08,0,0,0,0,0,0.4,0,0,0,0,0,0.3,0.53,0.77
"bin_s31.vmb7",0.19,0.46,0.43,0.75,0.12,0.86,0.83,0.36,0.38,0.38,0.38,0.86,0.83,0,0.33,0,0.5,0.5,1,0.5,0.25,0.75,0.67,0.5,0,0,0,0,0,0,0.08,0,0,0,0,1,0,0,0.25,0,0.33,0,0,1,0,0,0,0,0,0,0,0,0,0,0,0,0,0,0,0,0,0,0,0,1,0,1,0.5,0.5,0,0.25,0,0,0,0,0,0,0,0,0,1,0,1,1,0,1,1,0,1,0.67,0.67,0.33,0.25,0.5,0,1,0.29,1,0.33,1,0.94,1,0.5,0.75,0.75,1,0.6,1,0.86,1,1,1,1,1,1,0,0.06,0,0.5,0.5,0,0.33,1,0,0,0.4,0.33,0,0,1,0,0,0,0,0,0,0,0,0.12,0.33,0,0.16,0.17,0.33,0.4,1,0.25,0,0,0,0,0.03,0,0.17,0,0,0,0,0.25,0,0,0,0,0,0,0,0,0,0,0,0,0,0,0,0,0,0.14,0,0,0,0.33,0,0,0,0,0,0,0,0.08,0,0,0,0,0,0.4,0,0,0,0,0,1,1,1
"bin_s34.cct25",0.07,0.08,0.29,0.75,0,0,0,0.14,0.15,0.12,0,0.14,0,0,0.33,0,0.5,1,0.17,0,0,0.5,0,0,1,0.73,1,0,0,0,0.08,0,0,0,0,1,0.5,0.75,0.25,0,0,0,0,0,0,0,0,0,0,0,0,0,0,0,0,0,0,0,0,1,0,0,0,0,1,0.33,1,0.5,0,0,0.5,0,1,0,1,0.33,0,0,1,0,0,0,1,0,0,1,0,0,1,0.67,0.67,1,0.25,0.5,1,1,1,1,1,1,0.89,1,1,1,1,1,1,1,0.86,1,1,1,1,1,1,1,1,1,1,1,0.5,0,1,0,1,0.4,0.33,0,0,1,0,0.5,0,0,0,0,0,0,1,1,0.67,1,1,1,1,0.14,0,0.57,1,1,0,0.03,0,0.17,0,0,0,0,0.25,0,0,0,0,0,0,0,0,0,0,0,0,0,0,0,0,0,0.14,0,0,0,0.33,0,0,0,0,0,0,0,0.17,0,0,0,0,0,0.4,0,0,0,0,0.5,1,1,1
"bin_s34.cct27",0.17,0.15,0.29,0.52,0.06,0,0.33,0.29,0.23,0.25,0,0.14,0,0,0,0,0,0.6,0.1,0,0,0.25,0.67,0,0,0,0.1,0,0,0,0.08,0,0,0,0,1,0.1,0.1,0.25,0,0,0,0,0,0,0,0,0,0,0,0,0,0,0,0,0,0,0,0,0,0,0,0,0,0.1,0,0.1,0.16,0,0,0.1,0,0,0,0.1,0,0,0,0,0,0,0,1,0,0,0.1,0,0,0.77,0.33,0.43,0,0,0.1,0,0.1,0,0.43,0.1,0.12,0,1,0,0.75,0.6,0.1,0,0.33,0.1,0.25,0.3,0.1,0.1,0.43,0.1,0,0.06,0,0.1,0.1,0,0,0.1,0,0,0,0,0,0,0,0,0,0,0.1,0,0,0,0,0.2,0.25,0.33,0.16,0,0.33,0,0.1,0,0,0.1,0,0,0.03,0,0,0,0,0,0,0,0,0,0,0,0,0,0,0,0,0,0,0,0,0,0,0,0,0,0,0,0,0.33,0,0,0,0,0,0,0,0,0,0,0,0,0,0,0,0,0,0,0,0,0,0
"bin_s34.cct32",0.1,0,0.39,0.1,0.06,0.14,0.27,0.07,0,0,0.25,0,0,0,0,0,0,0.7,0.1,0,0,0.35,0.33,0,0.1,0.1,0.1,0,0,0,0.08,0,0,0,0,0.6,0.1,0.1,0,0,0,0,0,0,0,0,0,0,0,0,0.1,0,0,0,0,0,0,0,0,0,0,0,0,0.1,0.2,0,0.2,0.26,0,0,0.2,0,0,0.1,0.2,0,1,0,0.1,0,1,0,0.2,1,0,1,1,0,1,0.53,0.53,0.1,0,0.1,0.2,0.2,0.43,0.63,0.26,0.91,0.87,1,1,0.95,1,0.2,0.4,0.8,0.39,0.45,0.5,0.2,0.43,0.63,0.8,0,0.1,0.1,0.2,0.2,0,0,0.2,0,0,0.2,0.33,0,0,0,0,0,0,0.1,0,0,0,0,1,0.28,0,0.36,0.1,0.1,0.7,0.1,0,0.24,0.31,0.1,0,0.03,0,0,0,0,0,0,0,0,0,0,0,0,0,0,0,0,0,0,0,0,0,0,0,0,0.14,0,0,0,0,0,0,0,0,0,0,0,0,0,0,0,0,0,0.2,0,0,0,0,0,0.2,0.63,0.43
"bin_s34.cct50",0.07,0.08,0,0.42,0,0,0,0.14,0.15,0.12,0,0.14,0,0,0.33,0,0.5,0.5,1,0,0,0.5,0,0,1,0.67,0.8,0,0,0,0.08,0,0,0,0,1,0.5,1,0.75,0.33,0,0,0,1,0,0,0,0,0,0,0.2,0,0,0,0,0.04,0.25,0,0.33,0.49,0,0,0,1,1,0,1,0.5,0,0,0.75,0,0.25,0.5,1,1,0,0,0,0,0,0,1,0,0,1,0,0,0.5,0.67,0.67,0.5,0.25,0.5,1,0,1,1,1,1,0.94,1,1,1,1,1,1,1,0.86,1,1,1,1,1,1,1,0.92,1,0.5,0.67,0.25,1,1,0,1,0.4,0.33,0,0,0.5,0,1,0,0,0.12,0.12,0.1,0.1,1,1,0.67,0.84,0.67,0.67,1,0.29,0,0.04,0.22,0.56,0,0.03,0,0.17,0,0,0,0,0.25,0,0,0,0,0,0,0,0,0,0,0,0,0,0,0,0,0,0.14,0,0,0,0.33,0,0,0,0,0,0,0,0.17,0,0,0,0,0,0.4,0,0,0,0,0,1,1,1
"bin_s34.cct52",0.07,0.08,0,0.42,0,0,0,0.14,0.15,0.12,0,0.14,0,0,0.33,0,0,0,0.17,0,0,0,0.67,0,1,0.67,0.8,0,0,0,0.08,0,0,0,0,1,1,0,0,0,0.33,0,0,0,0,0,0,0,0,0,0.47,0,0,0,0,0,0,0,0,0.14,0.17,0,0,1,0.5,0,1,0.5,0,0,0.5,0,0,0.5,1,0.33,0,0,0,0,0,0,1,1,0,0,0,0,0.11,0.29,0.4,0,0,0,1,0,1,1,0.8,1,0.94,1,1,1,1,0.33,1,1,0.86,1,1,1,1,1,1,0.25,1,1,0.5,0.5,0,0.33,1,0,0.5,0.4,0.33,0,0,1,0,0.5,0,0,0,0,0,0,1,1,0,1,1,0.33,1,1,0,0.29,0.78,0.11,0,0.03,0,0.17,0,0,0,0,0.25,0,0,0,0,0,0,0,0,0,0,0,0,0,0,0,0,0,0.14,0,0,0,0.33,0,0,0,0,0,0,0,0,0,0,0,0,0,0.4,0,0,0,0,0.5,1,1,1
"bin_s34.mtb22_sub",0.1,0,0,0.1,0,0,0,0,0,0,0,0,0,0,0,0,0,0.1,0.1,0,0,0.25,0,0,0,0,0.1,0,0,0,0,0,0,0,0,0,0.1,0.1,0,0,0,0,0,0,0,0,0,0,0,0,0.1,0,0,0,0,0,0,0,0,0,0,0,0,0.1,0.33,0,0.1,0.16,0,0,0.35,0,0,0.5,0.1,0,0,0,0.1,0,0,0,0,0,0,0.1,0,0,0.6,0.43,0.43,0,0,0.1,1,0.1,0.1,0.43,0.1,0,0.1,1,0.6,0.5,0.6,0.1,0,0.33,0.1,0.1,0.1,0.1,0.1,0.43,0.1,0,0,0,0.1,0.1,0,0,0.1,0,0,0,0.33,0,0,0,0,0,0,0.1,0,0,0,0,0.2,0.33,0,0.25,0,0.1,0.4,0.1,0,0,0.1,0,0,0.03,0,0,0,0,0,0,0,0,0,0,0,0,0,0,0,0,0,0,0,0,0,0,0,0,0,0,0,0,0.33,0,0,0,0,0,0,0,0,0,0,0,0,0,0,0,0,0,0,0,0.1,0.1,0
"bin_s34.mxb8",0.1,0,0,0.1,0,0,0,0,0,0,0,0,0,0,0,0,0,0.1,0.1,0,0,0,0,0,0,0,0.1,0,0,0,0,0,0,0,0,0,0.1,0.1,0,0,0,0,0,0,0,0,0,0,0,0,0.1,0,0,0,0,0,0,0,0,0,0,0,0,0.1,0.1,0,0.1,0.16,0,0,0.1,0,0,0,0.1,0,0,0,0.1,0,0,0,0,0,0,0.1,0,0,0.6,0.43,0.43,0,0,0.1,0.1,0.1,0.16,0.43,0.16,0.12,0.1,1,0.6,0.5,0.35,0.1,0,0.33,0.1,0.1,0.1,0.1,0.1,0.43,0.1,0,0,0,0.1,0.1,0,0,0.1,0,0,0,0.33,0,0,0,0,0,0,0.1,0,0,0,0,0.2,0.33,0,0.1,0,0.1,0.2,0.1,0,0,0.1,0,0,0.03,0,0,0,0,0,0,0,0,0,0,0,0,0,0,0,0,0,0,0,0,0,0,0,0,0,0,0,0,0.33,0,0,0,0,0,0,0,0,0,0,0,0,0,0,0,0,0,0,0,0.1,0.1,0
"bin_s35.cct57_sub",0.21,0.31,0.53,0.85,0.12,0.86,0.93,0.21,0.23,0.25,0.62,0.14,0.83,0.5,0.33,0,0.5,0.7,0.1,0.75,0.25,0.6,0.33,0,0.1,0.1,0.1,0,0,0,0.08,0,0,0,0,1,0.1,0.1,0.25,0,0.33,0,0,0,0,0,0,0,0,0,0.1,0,0,0,0,0,0,0,0,0,0,0,0,0.1,0.2,0,1,0.26,0.5,0,0.2,0,0,0.1,0.2,0,0,0,0.1,0,1,0,1,1,0,0.1,1,0,1,0.87,0.87,0.1,0,0.1,1,0.3,0.2,0.63,0.2,0.32,0.69,1,0.2,0.7,0.55,0.53,0.6,1,0.63,0.55,0.7,0.2,0.81,0.63,0.8,0,0.16,0.1,0.45,0.45,0,0,0.2,0,0,0.4,0.43,0,0,1,0,0,0,0.1,0.12,0.12,0.1,0.1,0.3,0.53,0,0.2,0.1,0.43,0.9,0.24,0,0.1,0.2,0.32,0,0.03,0,0.17,0,0,0,0,0.25,0,0,0,0,0,0,0,0,0,0,0,0,0,0,0,0,0,0,0,0,0,0.43,0,0,0,0,0,0,0,0.08,0,0,0,0,0,0.4,0,0,0,0,0,1,1,1
"bin_s35.cct60",0.81,0.77,0.71,0.75,0.19,0.86,0.83,0.5,0.46,0.25,0.25,0.29,0.5,0.25,0.67,0,1,1,1,1,1,1,0,0,0.25,0.47,0.8,0,0,0,0.08,0,0,0,0,1,1,1,0.25,0,0.33,0,1,0,0,0,0,0,0,0,0.07,0,0,0,0,0,0,0,0,1,0.5,0,0,0,1,0.33,1,1,1,0,0.35,0,1,0,1,0.33,0,0,1,0,0,0,0,0,0,1,0,0,1,1,1,0.33,0.25,0.5,1,1,1,1,1,0.88,0.78,1,1,0.75,1,1,1,1,0.96,1,1,1,0.89,1,0.75,1,0.58,0.83,1,1,1,0.67,0.8,0,0,0.4,0.33,0,0,1,0,0,0,0.6,0,0,0,0,0.9,1,0.67,1,1,1,1,0.43,0,0.57,1,0.89,0,0.03,0,0.17,0,0,0,0,0.25,0,0,0,0,0,0,0,0,0,0.08,0,0,0,0,0,0,0,0.14,0,0,0,0.33,0,0,0,0,0,0,0,0.17,0,0,0,0,0,0.4,0,0,0,0,0.5,1,1,1
"bin_s35.mxb6_sub",0.21,0.46,0.53,0.77,0.12,0.86,0.93,0.64,0.54,0.25,0.62,0.71,0.5,0.25,0.33,0,0,0.7,0.6,0,0,1,0.33,0.5,0.1,0,0.1,0,0,0,0.08,0,0,0,0,1,0.1,0.43,0,0,0,0,0,0,0,0,0,0,0,0,0.3,0,0,0,0,0,0,0,0,0,0.17,0,0,0.1,1,0,1,0.6,0,0,0.45,0,0,0.1,0.2,0,0,0,0.1,0,1,0,0.1,1,0,0.1,1,0,1,0.53,0.87,0.1,0,0.1,0.1,0.2,0.23,0.3,0.2,1,1,0.2,0.2,0.85,0.7,0.1,0.7,0.6,0.81,0.2,0.5,0.2,0.43,0.2,0.2,1,0.16,0.1,0.2,0.2,0,0.33,0.2,0,0,0.4,0.33,0,0,1,0,0.5,0,0.1,0.12,0.12,0.1,0.1,0.35,0.18,0,0.2,0,0.33,0.5,1,0,0.1,0.1,0.1,0,0.03,0,0,0,0,0,0,0,0,0,0,0,0,0,0,0,0,0,0,0,0,0,0,0,0,0,0,0,0,0,0,0,0,0,0,0,0,0,0,0,0,0,0,0.4,0,0.33,0,0,0,1,0.8,0.77
"bin_s36.mtb18",0.07,0.15,0.43,0.42,0.31,0.14,0.83,0.21,0.15,0.25,0.25,0.14,0,0.25,0.33,0,0,1,0,0,0,0.75,0.33,0,0,0,0,0.04,0,0,0.08,0.33,0,0,0,1,0,0,0,0,0,0,0,0,0,0,0,0,0,0,0.27,0,0,0,0,0,0,0,0,0,0,0,0,0,1,0,0.5,0.5,0,0,0.25,0,0,0,0,0,1,0,0,0,1,0,1,1,0,0,1,0,1,0.67,0.67,0,0,0,1,0,0.33,0.33,0.1,1,0.94,1,1,1,1,0,0,1,0.14,0.25,0.4,0,0.11,0.33,1,0,0,0,0,0,0,0,0,0,0,0,0.33,0,0,0,0,0,0,0,0,0,0,0,0.12,0.33,0,0.16,0,0,0.8,0,0,0.5,0.78,0.11,0,0.03,0,0,0,0,0,0,0.25,0,0,0,0,0,0,0,0,0,0,0,0,0,0,0,0,0,0.14,0,0,0,0.33,0,0,0,0,0,0,0,0,0,0,0,0,0,0,0,0,0,0,0,0,0.8,0
"bin_s36.mtb42",0.15,0.31,0.57,0.42,0.12,0.86,0.83,0.29,0.31,0.25,0,0.14,0.83,0.25,0.67,0,0,0.5,1,0,0,0.75,0.67,0,0,0.2,0.2,0,0,0,0.08,0,0,0,0,1,0,0,0,0,0.33,0,0,0,0,0,0,0,0,0,0,0,0,0,0,0,0,0,0,0.14,0,0,0,0,1,0,1,0.5,0,0,0.5,0,0,0.5,0,0,1,0,0,0,0,0,1,1,0,0,0,0,1,0.67,0.67,0.33,0.25,0.5,1,0,0.47,1,0.42,1,1,1,1,1,1,0.33,0.8,1,0.71,1,1,1,0.83,1,1,0,0.61,0.08,0.5,0.33,0,0.17,1,0,0,0.2,0.33,0,0,0.5,0,0.5,0,0,0,0,0,0,1,0.33,0,0.25,0,0.33,0.8,0.86,0.25,0,0,0,0,0.03,0,0.17,0,0,0,0,0.25,0,0,0,0,0,0,0,0,0,0,0,0,0,0,0,0,0,0,0,0,0,0.33,0,0,0,0,0,0,0,0.08,0,0,0,0,0,0.2,0,0,0,0,0,1,1,0.67
"bin_s36.mxb13",0.07,0.15,0,0.75,0.06,0,0.83,0.21,0.15,0.25,0,0.14,0,0.25,0,0,0.5,1,0.5,0.25,0,1,0.5,0,1,0.73,0.6,0.04,0,0,0.08,0.33,0,0,0,1,0.5,0,0.25,0,0,0,0,1,0.33,0.33,0,0,0,0,0.07,0,0,0,0,0,0,0,0,0,0,0,0,1,1,0.33,1,0.5,0,0,0.75,0,1,0.5,1,0,0,0,1,0,0,0,1,0,0,1,0,0,1,1,0.67,0.67,0.25,0.5,1,1,0.88,1,1,1,0.89,1,1,1,1,1,1,1,1,1,1,1,1,1,1,0,1,1,1,1,0,0.67,1,0,0,0.4,0.33,0,0,1,0,0,0,0,0,0,0,0,1,1,0.33,0.84,1,1,1,1,0,0.57,1,1,0,0.03,0,0.17,0,0,0,0,0.25,0,0,0,0,0,0,0,0,0,0,0,0,0,0,0,0,0,0.14,0,0,0,0.33,0,0,0,0,0,0,0,0.17,0,0,0,0,0,0.4,0,0,0,0,0.5,1,1,1
"bin_s36.vmb0",0.07,0.08,0,0.42,0,0,0,0.14,0.15,0.12,0,0.14,0,0,0,0,0,0.5,0,0,0,0.25,0,0,0.75,0.47,0.6,0,0,0,0.08,0,0.33,0.01,0,0.5,0.5,0,0.25,0,0,0,0,1,0,0,0,0,0,0,0,0,0,0,0,0,0,0,0,0.31,0,0,0,0,0.67,0,0,0.5,0,0,0.5,0,0.5,0,1,0,0,1,0,0,0,0,1,0,0,1,0,0,0.11,0.2,0.6,0.33,0.25,0.5,1,1,0.97,0.97,1,1,0.94,1,1,1,1,0.33,1,1,0.86,1,1,1,1,0.67,0.5,1,1,0.67,0.5,0.5,0,0.17,0.4,0,0,0.2,0.33,0,0,0.5,0,0,0,0,0,0,0,0,0.88,1,0,1,0.5,0.67,0.9,0.43,0,0.32,0.56,0.11,0,0.03,0,0.17,0,0,0,0,0.25,0,0,0,0,0,0,0,0,0,0,0,0,0,0,0,0,0,0.14,0,0,0,0.33,0,0,0,0,0,0,0,0.08,0,0,0,0,0,0.4,0,0.33,0,0,0,1,1,1
"bin_s4.cct16_sub",0.17,0.08,0.39,0.85,0.06,0,0.1,0.14,0.15,0.12,0,0.14,0,0.25,0.33,0,0,1,0.17,0,0,1,0.1,0,1,0.83,1,0,0,0,0.08,0,0,0,0,1,0.6,0.1,0.25,0,0,0,0,0,0,0,0,0,0,0,0.1,0,0,0,0,0,0,0,0,1,0,0,0,0.1,1,0.33,1,0.6,0,0,0.7,0,1,0.1,1,0.33,0,0,1,0,0,0,1,0,0,1,0,0,1,0.87,0.87,1,0.25,0.6,1,1,1,1,1,1,1,1,1,1,1,1,1,1,0.91,1,1,1,1,0.97,1,1,1,1,1,1,0.5,0,1,0.33,1,0.4,0.43,0,0,1,0,0,0,0.1,0,0,0,0,1,1,0.67,1,1,1,1,0.24,0,0.67,1,1,0,0.03,0,0.17,0,0.33,0,0,0.25,0,0,0,0,0,0,0,0,0,0,0,0,0,0,0,0,0,0.14,0,0,0,0.43,0,0,0,0,0,0,0,0.17,0,0,0,0,0,0.4,0,0,0,0,0.5,1,1,1
"bin_s4.cct33",0.1,0,0,0.1,0,0,0,0,0,0,0,0,0,0,0,0,0,0.1,0.1,0,0,0,0,0,0,0,0.1,0,0,0,0,0,0,0,0,0,0.1,0.1,0,0,0,0,0,0,0,0,0,0,0,0,0,0,0,0,0,0,0,0,0,0,0,0,0,0,0.1,0,0.1,0,0,0,0.1,0,0,0,0.1,0,0,0,0,0,0,0,0,0,0,0.1,0,0,0.1,0,0.1,0,0,0.1,0,0.1,0,0.43,0.1,0,0,1,0.5,0.25,0.35,0.1,0,0.33,0.1,0,0.1,0.1,0.1,0.43,0.1,0,0,0,0.1,0.1,0,0,0.1,0,0,0,0.33,0,0,0,0,0,0,0.1,0,0,0,0,0.2,0.33,0,0,0,0.1,0.2,0.1,0,0,0.1,0,0,0.03,0,0,0,0,0,0,0,0,0,0,0,0,0,0,0,0,0,0,0,0,0,0,0,0,0,0,0,0,0.33,0,0,0,0,0,0,0,0,0,0,0,0,0,0,0,0,0,0,0,0,0,0
"bin_s4.mtb50",0.29,0.46,0.43,0.85,0.44,0.86,0.83,0.36,0.54,0.25,0.25,0.71,0.67,0,0,0,0.5,0.6,0.5,0.75,1,0.75,0.67,0,0,0,0,0,0,0,0.08,0,0,0,0,1,0.1,0.43,0,0,0.33,0,0,1,0,0,0,0,0,0,0,0,0,0,0,0,0,0,0,0,0,0,0,0,1,0,0.1,0.5,0.5,0,0.35,0,0,0,0.1,0,0,0,0,0,0,0,1,1,0,0.1,0,0,1,0.67,0.77,0,0,0.1,1,0,0.2,0.77,0.12,1,0.94,0,0.5,0.75,0.75,0.1,0.4,1,0.53,0,0.3,0.1,1,0.77,1,0,0.06,0,0.5,0.6,0,0,0.1,0,0,0.4,0.33,0,0,0.5,0,0,0,0.1,0,0,0,0,0.2,0.33,0.33,0.5,0,0.33,0.4,0.14,0,0,0.1,0,0,0.03,0,0.17,0,0,0,0,0.25,0,0,0,0,0,0,0,0,0,0,0,0,0,0,0,0,0,0,0,0,0,0.33,0,0,0,0,0,0,0,0.08,0,0,0,0,0,0.4,0,0,0,0,0,1,1,1
"bin_s4.vmb27",0.25,0.38,0.67,0.52,0.44,0.86,1,0.29,0.23,0.25,0,0.86,0.5,0,0.67,0,0,0.1,0.1,0,0,0.85,0.1,0,0.1,0,0.1,0,0,0,0.08,0,0,0,0,1,0.1,0.1,0,0,0.33,0,0,0,0,0,0,0,0,0,0.1,0,0,0,0,0,0,0,0,0,0,0,0,0.1,1,0,0.6,0.5,0.5,0,0.45,0,0,0.1,0.2,0,0,0,0.1,0,0,0,1,1,0,0.1,0,0,1,0.77,0.77,0,0,0.1,1,0.2,0.48,0.48,0.87,1,1,0.2,0.7,0.6,0.95,0.1,0.7,1,0.53,0.45,0.7,0.2,0.96,0.2,0.7,0,0.16,0.1,0.1,0.2,0,0,0.2,0,0,0.4,0.33,0,0,1,0,0,0,0.1,0,0,0,0,1,0.43,0,0.26,1,0.1,1,0.1,0.25,0.1,0.1,0.1,0,0.03,0,0.17,0,0,0,0,0.25,0,0,0,0,0,0,0,0,0,0,0,0,0,0,0,0,0,0,0,0,0,0.33,0,0,0,0,0,0,0,0.08,0,0,0,0,0,0.4,0,0,0,0,0,1,1,1
"bin_s4.vmb43",0.29,0.46,0.53,0.77,0.25,0.86,0.93,0.43,0.38,0.38,0.38,0.14,0.67,0,0,0,0,0.6,1,0,0.75,0.1,0.1,0.5,0.1,0,0.1,0,0,0,0.08,0,0,0,0,1,0.1,0.1,0.25,0,0.33,0,0,1,0,0,0,0,0,0,0.1,0,0,0,0,0,0,0,0,0,0,0,0,0.1,1,0,0.6,0.5,0,0,0.45,0,0,0.1,0.2,0,1,0,0.1,0,1,0,1,1,0,0.1,1,0,1,0.77,0.5,0.33,0.25,0.6,0.1,0.2,0.24,1,0.2,1,1,1,0.2,0.85,0.95,0.77,1,1,0.81,1,1,1,0.93,1,1,0,1,0.1,0.6,0.7,0,0.33,1,0,0,0.4,0,0,0,1,0,0,0,0.1,0,0,0,0,0.3,0.43,0,0.26,0.17,0.5,0.3,1,0,0.1,0.21,0.1,0,0.03,0,0.17,0,0,0,0,0.25,0,0,0,0,0,0,0,0,0,0,0,0,0,0,0,0,0,0,0,0,0,0.33,0,0,0,0,0,0,0,0,0,0,0,0,0,0.4,0,0,0,0,0,1,1,1
"bin_s5.cct0_sub",0.91,0.77,0.81,0.85,0.25,0.86,1,0.43,0.38,0.25,0,0.29,0.5,0.25,0.33,0,1,1,1,1,1,0.85,1,0,1,0.83,0.9,0,0,0,0.08,0,0,0,0,1,1,0.1,0.25,0,0.33,0,0,1,0,0,0,0,0,0,0.77,0,0,0,0,0,0,0,0,1,1,0,0,1,1,0.33,1,1,1,0,0.7,0,1,0.1,1,0,0,0,1,0,0,0,0.2,0,0,1,0,0,0.97,0.87,1,0.43,0,0.1,1,1,1,1,1,1,1,1,1,0.95,1,1,1,1,1,1,1,1,1,1,1,1,1,1,1,1,1,0.17,1,0,0,0.6,0.43,0,0,1,0,0,0,0.1,0,0,0,0,0.93,0.95,0.67,1,0.93,1,1,1,0,0.49,0.98,1,0,0.03,0,0.17,0,0,0,0,0.35,0,0,0,0,0,0,0,0,0,0.08,0,0,0,0,0,0,0,0.24,0,0,0,0.1,0,0,0,0,0,0,0,0.17,0,0,0,0,0,0.4,0,0,0,0,0.5,1,1,1
"bin_s5.cct41_sub",0.17,0.08,0.1,0.85,0,0,0,0.14,0.15,0.12,0,0.14,0,0,0,0,0.2,0.1,0.2,0.5,0.2,0.35,0,0.5,1,0.73,0.9,0.16,0,0.02,0.08,0,0,0.03,0,0,0.6,0.1,0,0,0,0,0.5,1,0.33,0.33,0,1,1,1,1,0,0,0,0,0,0,0,0,0.86,0.5,0,0,1,1,0,1,0.5,0,0,0.6,0,0,0,1,0,0,0,0.1,0,0,0,0.1,0,0,1,0,0,1,0.77,0.77,0.5,0.25,0.6,0.1,0.2,1,1,1,1,0.93,1,1,1,1,1,1,1,0.81,1,1,1,1,1,1,1,1,0.92,1,1,0.5,0.33,0.85,0,0.5,0.6,0.33,0,0,0,0,0.5,0,0.1,0,0,0,0,0.93,1,0.33,1,0.83,1,1,0.81,0,0,0.21,0.88,0,0.03,0,0.17,0,0,0,0,0.25,0.6,0,0,0,0,0,0,0,0,0,0,0,0,0,0,0,0,0.14,0,0,0,0.33,0,0,0,0.12,0,0,0,0.08,0,0,0,0,0,0.4,0,0.29,0.25,0,0.5,1,1,1
"bin_s5.cct46",0.17,0.08,0,0.52,0,0,0,0.14,0.15,0.12,0,0.14,0,0,0,0,0,0.1,0.1,0,0,0.25,0,0,0.25,0.2,0.1,0,0,0,0.08,0,0,0,0,0.5,1,0.1,0.25,0,0,0,0.5,0,0,0,0,0,0,0,0.1,0,0,0,0,0,0,0,0,0,0.02,0,0,0.1,0.67,0,0.5,0.5,0,0,0.6,0,0.5,0.5,0.1,0,0,0,0.1,0,0,0,0,0,0,1,0,0,0.6,0.43,0.77,0.33,0,0.1,0.1,0.1,0.93,1,0.93,0.5,0.82,1,1,0.75,0.85,0.43,0.4,0.6,0.67,0.85,0.9,0.93,0.67,1,0.6,1,0.58,0.67,0.6,0.6,0.25,0,1,0,0,0,0.33,0,0,0.5,0,0,0,0.1,0,0,0,0,0.6,1,0,0.76,0.5,0.1,0.8,0.14,0,0,0.21,0.33,0,0.03,0,0.17,0,0,0,0,0.25,0,0,0,0,0,0,0,0,0,0,0,0,0,0,0,0,0,0.14,0,0,0,0.33,0,0,0,0,0,0,0,0,0,0,0,0,0,0,0,0,0,0,0,1,0.8,0.33
"bin_s5.cct63",0.37,0.77,0.57,0.25,0.56,0.86,1,0.43,0.46,0.88,0.5,0.86,0.67,0.75,0.67,0,0,1,0.5,0,0.75,0.75,0.67,0.5,0,0.2,0.2,0,0,0,0.08,0,0,0,0,1,0.5,0.25,0.25,0,0.33,0,0,0,0,0,0,0,0,0,0,0,0,0,0,0,0,0,0,0.14,0,0,0,1,1,0,1,0.5,0,0,0.35,0,0,0,0.1,0,1,0,0,0,0,0,1,1,0,1,0,0,1,1,0.67,0.33,0.25,0.5,1,1,0.33,1,0.43,1,1,1,1,1,1,1,1,1,0.81,1,1,0.77,0.96,1,1,0,0.92,0.83,0.5,0.5,0,0.17,1,0,0.5,0.4,0.33,0,0,1,0,0,0,0.1,0.12,0.12,0.1,0.1,1,1,0.33,1,1,0.67,1,0.95,0,0,0.1,0.06,0,0.03,0,0.17,0,0,0,0,0.25,0,0,0.5,0,0,0,0,0,0,0,0,0,0,0,0,0,0,0.14,0,0,0,0.33,0,0,0,0,0,0,0,0,0,0,0,0,0,0.4,0,0,0,0,0,1,1,1
"bin_s5.cct76",0,0,0,0,0,0,0,0,0,0,0,0,0,0,0.33,0,0,0,0.17,0,0,0.25,0,0,1,0.67,0.8,0,0,0,0.08,0,0,0,0,1,0,0,0,0,0.33,0,0,0,0,0,0,0,0,0,0.47,0,0,0,0,0,0,0,0,0.14,0.17,0,0,0,0.5,0,1,0.5,0,0,0.5,0,0,0,0,0.33,1,0,0,0,1,0,1,1,0,0,1,0,0.11,0.29,0.6,0,0,0,1,0,1,1,1,1,0.94,1,1,1,1,0.33,1,1,0.86,1,1,1,1,1,1,1,1,0.83,0.5,0.5,0,0.17,1,0,0,0.4,0.33,0,0,0,0,0.5,0,0,0,0,0,0,1,1,0,0.34,1,0.33,0.8,0.71,0,0.43,0.89,0.11,0,0.03,0,0.17,0,0,0,0,0.25,0,0,0,0,0,0,0,0,0,0,0,0,0,0,0,0,0,0.14,0,0,0,0.33,0,0,0,0,0,0,0,0,0,0,0,0,0,0.4,0,0,0,0,0.5,1,1,1
"bin_s5.mtb7",0.15,0.31,0.57,0.75,0.12,0.29,0.83,0.36,0.62,0.25,0.25,0.71,0.17,0,0,0,0,1,1,0,0,0.75,0.33,0.5,0,0,0,0,0,0,0.08,0,0,0,0,1,0,0,0,0,0,0,0,0,0,0,0,0,0,0,0.27,0,0,0,0,0,0,0,0,0,0,0,0,1,1,0,0.5,0.5,0,0,0.25,0,0,0,0,0,1,0,0,0,1,0,1,0,0,0,1,0,1,0.67,0.67,0,0,0,1,0,0.35,1,0.67,1,0.94,1,0.5,0.75,0.75,0.67,0.8,1,0.71,1,1,1,0.67,1,1,0,0.78,0.83,0.25,0.25,0,0,0.75,0,0,0.2,0.33,0,0,0,0,0,0,0,0,0,0,0,1,1,0,0.34,0.17,0,0.5,0,0,0.46,0.67,0.11,0,0.03,0,0,0,0,0,0,0.25,0,0,0,0,0,0,0,0,0,0,0,0,0,0,0,0,0,0.14,0,0,0,0.33,0,0,0,0,0,0,0,0,0,0,0,0,0,0.2,0,0,0,0,0,0,0.8,0.67
"bin_s6.cct39",0.07,0.08,0,0.75,0,0,0,0.14,0.15,0.12,0,0.14,0,0,0,0,0,0,0.17,0,0,0.25,0,0,1,0.67,0.8,0,0,0,0.08,0,0,0,0,0.5,1,0.33,0.25,0,0,0,0.5,0,0.33,0.33,0,0,0,0,0.67,0,0,0,0,0,0,0,0,0.49,0.5,0,0,1,1,0,0,0.5,0,0,0.5,0,0.5,0,1,0.33,0,0,1,0,0,0,1,0,0,1,0,0,1,0.67,0.75,0.5,0,0,0,1,0.97,1,1,1,0.89,1,1,1,0.75,1,1,1,1,1,1,0.83,0.89,1,1,0.5,1,0.92,1,1,0.5,0.33,1,0,0.5,0.4,0.33,0,0,1,0,0,0,0,0,0,0,0,1,1,0,1,0.67,0.67,1,0.09,0,0.14,0.22,0.78,0,0.03,0,0.17,0,0,0,0,0.25,0,0,0,0,0,0,0,0,0,0,0,0,0,0,0,0,0,0.14,0,0,0,0.33,0,0,0,0,0,0,0,0.08,0,0,0,0,0,0.4,0,0,0,0,1,1,1,1
"bin_s6.mtb27",0.17,0.08,0.1,0.52,0,0.1,0.1,0.14,0.15,0.22,0,0.14,0,0,0,0,0,0.2,0.2,0,0.5,0.2,0.1,0,0.48,0.3,0.7,0.04,0,0,0.08,0.33,0,0,0,0.1,0.6,0.43,0.5,0.33,0,0,0,0,0,0,0,0,0,0,0.3,0,0,0,0,0,0,0,0,0.34,0.17,0,0,0.1,0.2,0,0.7,0.1,0,0,0.2,0,0.5,0.1,0.2,0.67,0,0,0.1,0,0,0,0.2,1,0,0.2,0,0,0.4,0.39,0.53,0.1,0,0.1,0.2,0.3,0.6,0.6,0.5,0.72,0.57,1,0.8,0.3,0.65,0.53,0.2,0.4,0.34,1,1,0.8,0.63,0.4,0.4,0.5,0.2,0.2,0.45,0.7,0,0,0.45,0,0.5,0,0.1,0,0,1,0,0,0,0.1,0,0,0,0,0.53,0.45,0.33,0.36,0.43,0.5,0.6,0.25,0,0.31,0.64,0.2,0,0.03,0,0.17,0,0,0,0,0.1,0,0,0,0,0,0,0,0,0,0,0,0,0,0,0,0,0,0.24,0,0,0,0.43,0,0,0,0,0,0,0,0,0,0,0,0,0,0,0,0,0.25,0,0.5,1,0.9,0.43
"bin_s6.mtb31_sub",0.1,0,0.53,0.1,0,0,0.1,0,0,0,0,0,0,0,0,0,0,0.7,0.1,0,0,0.35,0.1,0.5,0.1,0.1,0.1,0.21,0,0.19,0,0.33,0,0.03,0,0.1,0.1,0.1,0,0,0,0,0,0,0,0,0,0,0,0,0.1,0,0,0,0,0,0,0,0,0,0,0,0,0.1,1,0,0.2,0.6,0,0,0.45,0,0,0.1,0.2,0,0,0,0.1,0,0,0,0.2,0,0,0.2,0,0,0.63,0.2,0.35,0.1,0,0.1,1,0.3,0.32,0.32,0.32,0.2,0.3,0.4,1,0.7,1,0.2,0.2,0.4,0.2,0.3,0.4,0.2,0.2,0.3,1,0,0.1,0.27,0.2,0.2,0,0,0.2,0.33,0,0,0.43,0,0,0,0,0,0,0.1,0,0,0,0,0.3,0.2,0,0.2,0.1,0.1,0.5,0.2,0,0.1,0.2,0.1,0,0,0,0,0,0,0,0,0.1,0,0,0,0,0,0,0,0,0,0,0,0,0,0,0,0,0,0.1,0,0,0,0.1,0,0,0,0,0,0,0,0.08,0,0,0,0,0,0,0,0,0,0,0,0.2,0.2,0.1
"bin_s6.mtb47",0.1,0.15,0.43,0.1,0.12,0.86,0.83,0.07,0.08,0.12,0,0,0.5,1,0.33,0,0.25,0.6,1,0,1,0.5,0.67,0.5,0.25,0.2,0.3,0,0,0,0.08,0,0,0,0,1,0.6,0.6,0.25,0,0.33,0,0,1,0,0,0,0,0,0,0.27,0,0,0,0,0,0,0,0,0,0,0,0,1,0.67,0,1,0.5,0.5,0,0.6,0,0.5,0.5,0.1,0.33,1,0,0,0,0,0,1,1,0,0.1,0,0,1,1,0.77,0,0,0.1,1,1,1,1,0.88,1,0.94,1,1,1,1,0.43,1,1,0.96,0.88,1,1,0.83,1,0.6,0.75,0.75,0.5,0.35,0.6,0,0,0.75,0,1,0.4,0.33,0,0,1,0,0.5,0,0.1,0,0,0,0,1,1,0,1,1,0.1,0.8,0.19,0,0.39,0.78,0.11,0,0.03,0,0.17,0,0,0,0,0.25,0,0,0,0,0,0,0,0,0,0,0,0,0,0,0,0,0,0,0,0,0,0.33,0,0,0,0,0,0,0,0,0,0,0,0,0,0.4,0,0,0,1,0.5,1,1,1
"bin_s6.mtb55",0.19,0.46,0.43,0.75,0.19,0.86,0.83,0.36,0.38,0.38,0.38,0.86,0.83,0,0,0,0.5,0.5,1,0.5,0.25,0.75,0.67,0.5,0,0,0,0.04,0,0,0.08,0.33,0,0,0,1,0,0,0,0,0.33,0,0,1,0,0,0,0,0,0,0,0,0,0,0,0,0,0,0,0,0,0,0,0,1,0,1,0.5,0.5,0,0.25,0,0,0,0,0,0,0,0,0,1,0,1,1,0,1,1,0,1,0.67,0.67,0.5,0.25,0.5,0,1,0.37,1,0.23,1,0.94,1,0.5,0.75,0.75,0.67,0.6,1,0.71,1,1,0.83,1,1,1,0,0.06,0,0.5,0.5,0,0.33,1,0,0,0.4,0.33,0,0,0.5,0,0,0,0,0.12,0.12,0.1,0.1,0.12,0.33,0,0.16,0.17,0,0.4,0.91,0,0,0,0,0,0.03,0,0.17,0,0,0,0,0.25,0,0,0,0,0,0,0,0,0,0,0,0,0,0,0,0,0,0,0,0,0,0.33,0,0,0,0,0,0,0,0.08,0,0,0,0,0,0.4,0,0,0,0,0,1,1,1
"bin_s6.mtb9",0.07,0.08,0,0.75,0.12,0.14,0.17,0.21,0.15,0.12,0.25,0.14,0,0.25,0.33,0,0.5,1,0.5,0,1,1,1,0,1,0.73,1,0,0,0,0.08,0,0,0,0,1,0.5,1,0.25,0,0.33,0,0,1,0,0,0,0,0,0,0,0,0,0,0,0,0,0,0,1,0.02,0,0,1,1,0,1,0.5,0.5,0,0.5,0,1,0,1,0.33,0,0,1,0,0,0,1,0,0,1,0,0,1,1,0.67,1,0.25,0.5,0,1,1,1,1,1,0.89,1,1,1,1,1,1,1,1,1,1,1,1,1,1,1,1,0.92,1,1,0.5,0.33,1,0,1,0.4,0.33,0,0,1,0,0,0,0,0,0,0,0,1,1,0.67,1,1,1,1,0.14,0,0.57,1,1,0,0.03,0,0.17,0,0,0,0,0.25,0,0,0,0,0,0,0,0,0,0,0,0,0,0,0,0,0,0.14,0,0,0,0.33,0,0,0,0,0,0,0,0.17,0,0,0,0,0,0.4,0,0,0,0,0.5,1,1,1
"bin_s6.mxb12",0.07,0.15,0,0.75,0.06,0,0.83,0.21,0.15,0.25,0,0.14,0,0.25,0,0,0.5,1,0.5,0.25,0,1,0.5,0,1,0.73,0.6,0,0,0,0.08,0,0,0,0,1,0.5,0,0.25,0,0,0,0,1,0,0,0,0,0,0,0.07,0,0,0,0,0,0,0,0,0.03,0.02,0,0,1,1,0.33,1,0.5,0,0,0.75,0,1,0.5,1,0,0,0,1,0,0,0,1,0,0,1,0,0,1,1,0.67,0.67,0.25,0.5,1,1,0.88,1,1,1,0.89,1,1,1,1,1,1,1,1,1,1,1,1,1,1,0,1,1,1,1,0,0.67,1,0,0,0.4,0.33,0,0,1,0,0.5,0,0,0,0,0,0,1,1,0.33,0.84,1,1,1,1,0,0.57,1,1,0,0.03,0,0.17,0,0,0,0,0.25,0,0,0,0,0,0,0,0,0,0,0,0,0,0,0,0,0,0.14,0,0,0,0.33,0,0,0,0,0,0,0,0.17,0,0,0,0,0,0.4,0,0,0,0,0.5,1,1,1
"bin_s6.vmb19",0.07,0.08,0,0.42,0,0,0,0.14,0.15,0.12,0,0.14,0,0,0,0,0,0,0,0,0,0.25,0,0,0,0,0,0,0,0,0.08,0,0,0,0,0.5,1,0.6,0.25,0,0,0,0.5,0,0,0,0,0,0,0,0,0,0,0,0,0,0,0,0,0,0,0,0,1,0.5,0,1,0.5,0,0,0.25,0,0.5,0,0,0,0,1,1,0,0,0,0,0,0,1,0,0,1,0.67,0.67,0.33,0,0,0,0,1,1,0.75,0.88,0.83,1,1,0.75,1,0.67,0.6,1,0.57,1,1,0.67,0.83,1,1,1,0.83,0.92,1,1,0.25,0,1,0,0,0.4,0.33,0,0,0,0,0,0,0,0,0,0,0,1,1,0,1,0.5,1,0.8,0.86,0,0.14,0.33,0.56,0,0.03,0,0.17,0,0,0,0,0.25,0,0,0,0,0,0,0,0,0,0,0,0,0,0,0,0,0,0.14,0,0,0,0.33,0,0,0,0,0,0,0,0,0,0,0,0,0,0.2,0,0,0,0,0,1,1,0.67
"bin_s6.vmb27",0.21,0.31,0.53,0.77,0.12,0.43,0.93,0.21,0.23,0.38,0.75,0.14,0.5,0.25,0.67,0,0.5,0.6,0.1,0.75,0.25,0.85,0.67,0,0.1,0.2,0.3,0,0,0,0,0,0,0,0,1,0.1,0.1,0.25,0,0.33,0,0,0,0,0,0,0,0,0,0.1,0,0,0,0,0,0,0,0,0.14,0,0,0,0.1,1,0,1,0.5,0,0,0.35,0,0,0.1,0.1,0,1,0,0.1,0,0,0,1,1,0,0.1,0,0,1,0.77,0.75,0.33,0.25,0.6,1,0.2,0.57,1,0.53,1,1,1,0.6,0.85,1,0.43,1,1,0.96,0.98,1,1,0.88,1,0.7,0,0.16,0.18,0.6,0.6,0,0.17,1,0,0,0.4,0.33,0,0,0.5,0,0.5,0,0.1,0.12,0.12,0.1,0.1,0.22,0.43,0,0.26,1,0.33,0.9,0.96,0,0,0.1,0.1,0,0.03,0,0.17,0,0,0,0,0.25,0,0,0,0,0,0,0,0,0,0,0,0,0,0,0,0,0,0.14,0,0,0,0.33,0,0,0,0,0,0,0,0.08,0,0,0,0,0,0.4,0,0,0,0,0,1,1,1
